CREATE SCHEMA cinema;
DROP SCHEMA cinema;
USE cinema;

CREATE TABLE attore (
    id BIGINT NOT NULL AUTO_INCREMENT,
    nome VARCHAR(45) NOT NULL,
    cognome VARCHAR(45) NOT NULL,
    data_nascita DATE NOT NULL,
    foto VARCHAR(3000) NOT NULL,
    biografia VARCHAR(3000) NOT NULL,
    PRIMARY KEY (id)
);

CREATE TABLE utente (
    id BIGINT NOT NULL AUTO_INCREMENT,
    email VARCHAR(45) NOT NULL UNIQUE,
    nome VARCHAR(45) NOT NULL,
    cognome VARCHAR(45) NOT NULL,
    data_nascita DATE NOT NULL,
    username VARCHAR(45) NOT NULL,
    password VARCHAR(45) NOT NULL,
    PRIMARY KEY (id)
);

INSERT INTO utente VALUES ('1','lauraemail@mail.com','Laura','Trocchia', '1997-03-18','Lauratote','pass1' );

CREATE TABLE categoria (
    id BIGINT NOT NULL AUTO_INCREMENT,
    genere VARCHAR(45) NOT NULL,
    PRIMARY KEY (id),
    UNIQUE(genere)
);

CREATE TABLE film (
    id BIGINT NOT NULL AUTO_INCREMENT,
    titolo VARCHAR(100) NOT NULL,
    trama VARCHAR(3000) NOT NULL,
    locandina VARCHAR(3000) NOT NULL,
    data_uscita DATE NOT NULL,
    durata INT NOT NULL,
    casa_produzione VARCHAR(45) NOT NULL,
    budget_produzione INT,
    categoria_id BIGINT NOT NULL,
    PRIMARY KEY (id),
    FOREIGN KEY (categoria_id)
        REFERENCES categoria (id)
);

CREATE TABLE preferiti (
	id BIGINT NOT NULL AUTO_INCREMENT,
    film_id BIGINT NOT NULL,
    utente_id BIGINT NOT NULL,
   -- serietv_id BIGINT,
   PRIMARY KEY (id),
    FOREIGN KEY (film_id)
        REFERENCES film (id),
    -- FOREIGN KEY (serietv_id)
        -- REFERENCES serietv (id),
        FOREIGN KEY (utente_id)
        REFERENCES utente(id),
        UNIQUE(film_id, utente_id)
);

CREATE TABLE recensione (
    id BIGINT NOT NULL AUTO_INCREMENT,
    recensione VARCHAR(3000),
    utente_id BIGINT NOT NULL,
    film_id BIGINT NOT NULL,
   -- serietv_id BIGINT,
    PRIMARY KEY (id),
    FOREIGN KEY (utente_id)
        REFERENCES utente (id),
    FOREIGN KEY (film_id)
        REFERENCES film (id),
        UNIQUE (film_id, utente_id)
    -- FOREIGN KEY (serietv_id)
       -- REFERENCES serietv (id)
);
/*
DROP TABLE serietv;
CREATE TABLE serietv (
    id BIGINT NOT NULL AUTO_INCREMENT,
    stagioni INT NOT NULL,
    episodi INT NOT NULL,
    titolo VARCHAR(45) NOT NULL,
    trama VARCHAR(450) NOT NULL,
    locandina VARCHAR(3000) NOT NULL,
    data_uscita DATE NOT NULL,
    produzione_id BIGINT NOT NULL,
    categoria_id BIGINT NOT NULL,
    PRIMARY KEY (id),
    FOREIGN KEY (categoria_id)
        REFERENCES categoria (id),
    FOREIGN KEY (produzione_id)
        REFERENCES produzione (id)
);
*/

CREATE TABLE film_attore (
   id BIGINT NOT NULL AUTO_INCREMENT,
   film_id BIGINT NOT NULL,
   attore_id BIGINT NOT NULL,
   PRIMARY KEY (id),
    FOREIGN KEY (film_id)
        REFERENCES film (id),
    FOREIGN KEY (attore_id)
        REFERENCES attore (id),
        UNIQUE(film_id, attore_id)
);

//inserimento di categorie

INSERT INTO categoria VALUES('1','Azione');

INSERT INTO categoria VALUES('2','Avventura');

INSERT INTO categoria VALUES('3','Drammatico');

INSERT INTO categoria VALUES('4','Commedia');

INSERT INTO categoria VALUES('5','Horror');

INSERT INTO categoria VALUES('6','Fantascienza');

INSERT INTO categoria VALUES('7','Fantasy');

INSERT INTO categoria VALUES('8','Thriller');

INSERT INTO categoria VALUES('9','Romantico');

INSERT INTO categoria VALUES('10','Animazione');

INSERT INTO categoria VALUES('11','Documentario');

INSERT INTO categoria VALUES('12','Musical');

// Inserimento di film
INSERT INTO film VALUES('1','Avengers: Endgame','Dopo che il terribile corso degli eventi messi in moto da Thanos ha spazzato via la metà dell''universo e dimezzato i ranghi degli Avengers,
 i sopravvissuti e i loro alleati devono riunirsi per l''assalto finale, cercando di ripristinare l''armonia.','https://a.ltrbxd.com/resized/film-poster/2/2/6/6/6/0/226660-avengers-endgame-0-1000-0-1500-crop.jpg?v=250ab286a3','2019-04-24','182','Marvel Studios, Walt Disney Pictures','356','1');
INSERT INTO film VALUES('2','Sherlock Holmes','Il detective Sherlock Holmes e 
il suo compagno Watson intraprendono una battaglia di ingegni con un un nemico che complotta contro il futuro dell''inghiterra.','https://a.ltrbxd.com/resized/film-poster/4/6/1/4/4/46144-sherlock-holmes-0-1000-0-1500-crop.jpg?v=92f4a1b4a1','2009-12-25','134','Warner Bros.','90','1');
INSERT INTO film VALUES('3','Suicide Squad','Dopo la morte di Superman, l''agente governativa Amanda Waller decide di assemblare una squadra composta da pericolosi supercriminali affidando il comando al colonnello Rick Flag. Ben presto le loro capacità e la loro affinità verranno messe in discussione quando due pericolosi nemici arriveranno a Midway City.','https://a.ltrbxd.com/resized/sm/upload/t0/3y/yr/rs/n3rm3gxguxzFDlygpROV7RHbELe-0-1000-0-1500-crop.jpg?v=67909d635e','2016-08-13','123','Warner Bros.','175','1');
INSERT INTO film VALUES('4','Pirati dei Caraibi - La maledizione della prima luna','Caraibi, 1700. La figlia del governatore viene rapita dal malvagio pirata Barbossa. Will Turner amico d''infanzia della ragazza e segretamente innamorato di lei, si unisce a Jack Sparrow, un pirata vagabondo e per cui la parola strano suona eufemistica, per portare in salvo la fanciulla. Ma per riuscirci, dovranno affrontare misteriose e sinistre forze del male che risalgono addirittura a una maledizione azteca.','https://a.ltrbxd.com/resized/film-poster/2/6/9/5/2695-pirates-of-the-caribbean-the-curse-of-the-black-pearl-0-1000-0-1500-crop.jpg?v=272b36c0d8','2003-08-27','143','Walt Disney Pictures','140','1');
INSERT INTO film VALUES('5','Doctor Strange','Privato dell''uso delle mani da un incidente d''auto, il noto neurochirurgo Stephen Strange acquisisce potenti poteri magici in un luogo dove si combattono oscure forze decise a distruggere il mondo.','https://a.ltrbxd.com/resized/film-poster/2/0/9/3/8/1/209381-doctor-strange-0-1000-0-1500-crop.jpg?v=1466da225d','2016-10-26','115','Marvel Studios, Walt Disney Pictures','350.6','1');
INSERT INTO film VALUES('6','Deadpool & Wolverine','Mentre si sta riprendendo dopo essere stato gravemente ferito, Wolverine ha la sfortuna di incontrare quel chiacchierone di Deadpool. I due, uno con più entusiasmo dell''altro, si alleano per sconfiggere un nemico comune.','https://a.ltrbxd.com/resized/film-poster/4/6/2/8/7/0/462870-deadpool-wolverine-0-1000-0-1500-crop.jpg?v=1aa778d2c6','2024-07-24','127','Marvel Studios','200','1');
INSERT INTO film VALUES('7','Bullet Train','Ladybug è un agente di una misteriosa organizzazione, che gli affida incarichi oltre i confini della legalità. Non si considera un assassino: è solo colpa della sfortuna se la gente finisce per morire durante le sue imprese. Questa volta avrebbe un incarico facile facile: rubare una valigetta sullo Shinkansen, il "treno-proiettile" ad altissima velocità che collega Tokyo e Kyoto.','https://a.ltrbxd.com/resized/film-poster/6/4/1/9/6/1/641961-bullet-train-0-1000-0-1500-crop.jpg?v=9245faa1ba','2022-08-22','127','Sony Pictures','239.3','1');
INSERT INTO film VALUES('8','Pirati dei Caraibi - La maledizione del forziere fantasma','Sparrow stavolta si trova ad affrontare un nuovo intrigo a carattere soprannaturale: il capitano ha infatti un debito d''onore con Davey Jones, padrone degli oceani e comandante dello spettrale veliero l''Olandese Volante e per lui si profila un destino di dannazione ed eterna schiavitù nell''altro mondo, se non riuscirà a scrollarsi di dosso questo pericoloso avversario. I guai di Jack coinvolgeranno ancora una volta Will ed Elizabeth e comprometteranno il matrimonio tra i due.','https://a.ltrbxd.com/resized/film-poster/5/1/9/8/9/51989-pirates-of-the-caribbean-dead-man-s-chest-0-1000-0-1500-crop.jpg?v=f9c46ae728','2006-09-13','150','Walt Disney Pictures','225','1');
INSERT INTO film VALUES('9','Pirati dei Caraibi - Ai confini del mondo','Will Turner, Elizabeth Swann e il capitan Barbossa si alleano per liberare il capitano Jack Sparrow imprigionato negli abissi. Nel frattempo, l''Olandese Volante del capitano Davy Jones, controllato dalla Compagnia delle Indie Orientali, semina il terrore per i Sette Mari. Dopo essersi confrontato con il pirata cinese Sao Feng, il gruppo di pirati si spingerà oltre i confini della Terra per partecipare alla gigantesca battaglia finale per il controllo dei mari.','https://a.ltrbxd.com/resized/film-poster/5/1/7/7/3/51773-pirates-of-the-caribbean-at-worlds-end-0-1000-0-1500-crop.jpg?v=c8c8baa1a7','2007-05-23','168','Walt Disney Pictures','300','1');
INSERT INTO film VALUES('10','Joker: Folie à Deux','Il comico fallito Arthur Fleck incontra l''amore della sua vita, Harley Quinn, mentre è detenuto all''Arkham State Hospital. A seguito del suo rilascio, i due si imbarcano in una disavventura romantica.','https://a.ltrbxd.com/resized/film-poster/8/0/0/8/5/8/800858-joker-folie-a-deux-0-1000-0-1500-crop.jpg?v=a4bf0389e2','2024-10-02','138',' DC Studios','200','1');
INSERT INTO film VALUES('11','Barbie','Vivere a Barbie Land significa essere perfetti in un luogo perfetto. A meno che tu non stia attraversando una crisi esistenziale. Oppure tu sia un Ken.','https://a.ltrbxd.com/resized/film-poster/2/7/7/0/6/4/277064-barbie-0-1000-0-1500-crop.jpg?v=1b83dc7a71','2023-07-21','114','Mattel','140','4');
INSERT INTO film VALUES('12','The Wolf of Wall Street','L''audace e temerario broker di Wall Street Jordan Belfort accumula una fortuna grazie al suo atteggiamento spregiudicato e alle droghe, attirando l''attenzione dell''FBI.','https://a.ltrbxd.com/resized/film-poster/8/6/1/1/4/86114-the-wolf-of-wall-street-0-1000-0-1500-crop.jpg?v=9fd1891260','2014-01-23','180','Appian Way Productions','100','3');
INSERT INTO film VALUES('13','Tonya','Tonya Harding è una pattinatrice artistica su ghiaccio che, nonostante le difficoltà, riesce ad affermarsi a livello internazionale. La sua vita però nel 1994 è segnata dall''aggressione alla rivale Nancy Kerrigan, dando vita a uno degli scandali più assurdi e tragici della storia del pattinaggio e dei giochi olimpici.','https://a.ltrbxd.com/resized/sm/upload/hv/nn/05/ss/d20vOJpywFDoz7Dd4ChomGdP0fr-0-1000-0-1500-crop.jpg?v=836521d1aa','2018-03-22','121','LuckyChap Entertainment','11','3');
INSERT INTO film VALUES('14','Amsterdam','Negli anni ’30 un uomo viene trovato morto e tre amici finiscono per diventare dei sospettati. Nel cercare le prove in loro difesa, i tre scoprono uno dei complotti più scandalosi della storia americana.','https://a.ltrbxd.com/resized/film-poster/5/8/9/3/1/7/589317-amsterdam-0-1000-0-1500-crop.jpg?v=92e1cb7cab','2022-10-07','134','Regency Enterprises','80','4');
INSERT INTO film VALUES('15','C''era una volta a... Hollywood','Rick Dalton, un attore televisivo, e Cliff Booth, la sua controfigura, intraprendono una personalissima odissea per affermarsi nell''industria cinematografica nella Los Angeles del 1969, segnata dagli omicidi di Charles Manson.','https://a.ltrbxd.com/resized/film-poster/3/9/7/8/5/9/397859-once-upon-a-time-in-hollywood-0-1000-0-1500-crop.jpg?v=f3e8612854','2019-07-26','161','Columbia Pictures','96','4');
INSERT INTO film VALUES('16','Beetlejuice Beetlejuice','Beetlejuice è tornato! Dopo un''inaspettata tragedia familiare, tre generazioni della famiglia Deetz tornano a casa a Winter River. Ancora perseguitata da Beetlejuice, la vita di Lydia viene sconvolta quando la figlia adolescente e ribelle, Astrid, scopre il misterioso modellino della città in soffitta e il portale per l''Aldilà viene accidentalmente aperto. Con i problemi che stanno nascendo in entrambi i regni, è solo questione di tempo prima che qualcuno pronunci tre volte il nome di Beetlejuice e il demone dispettoso torni nuovamente per scatenare il suo caos.','https://a.ltrbxd.com/resized/film-poster/8/2/3/6/4/8/823648-beetlejuice-beetlejuice-0-1000-0-1500-crop.jpg?v=2759be608e','2024-09-05','104',' Warner Bros. Pictures','99','4');
INSERT INTO film VALUES('17','Never Let Go - A un Passo dal Male','Never Let Go - A un Passo dal Male, il film diretto da Alexandre Aja, racconta la storia di una madre (Halle Berry) che vive in una casa isolata nel bosco con i suoi due figli gemelli (Percy Daggs IV e Anthony B. Jenkins).
Sono convinti di essere circondati da spiriti maligni e che la casa sia l''unico luogo dove sono al sicuro. Quando devono allontanarsi, ognuno di loro indossa una lunga corda che lo tiene sempre legato alla casa. In questo modo i demoni del bosco non possono far loro del male.
Ma quando uno dei bambini inizia a dubitare dell''esistenza degli spiriti, la sua corda si spezza mettendo in pericolo la sua vita e quella di tutta la famiglia. Inizia allora una terrificante lotta per la sopravvivenza...','https://a.ltrbxd.com/resized/film-poster/7/3/1/2/7/2/731272-never-let-go-0-1000-0-1500-crop.jpg?v=11a633acbe','2024-09-26','101','21 Laps Entertainment, Lionsgate Films','120','5');
INSERT INTO film VALUES('18','Inside Out 2','Il film torna nella mente dell''adolescente Riley proprio quando il quartier generale viene improvvisamente demolito per far posto a qualcosa di completamente inaspettato: nuove Emozioni! Gioia, Tristezza, Rabbia, Paura e Disgusto, che a detta di tutti gestiscono da tempo un''attività di successo, non sanno come comportarsi quando arriva Ansia. E sembra che non sia sola.','https://a.ltrbxd.com/resized/film-poster/9/2/1/5/7/8/921578-inside-out-2-0-1000-0-1500-crop.jpg?v=efa25e5cca','2024-06-19','100','Pixar Animation Studios, Walt Disney Pictures','200','10');
INSERT INTO film VALUES('19','Inside Out','Riley ha undici anni e una vita felice. Divisa tra l''amica e due genitori adorabili cresce assieme alle sue emozioni che la consigliano, la incoraggiano, la contengono, la spazientiscono, la intristiscono, la infastidiscono. Dentro la sua testa e dietro ai pulsanti della console emozionale governa Joy, sempre positiva e intraprendente, si spazientisce Anger, sempre pronto alla rissa, si turba Fear, sempre impaurito e impedito, si immalinconisce Sadness, sempre triste e sfiduciata, arriccia il naso Disgust, sempre disgustata e svogliata. Trasferiti dal Minnesota a San Francisco, Riley e genitori provano ad adattarsi alla nuova vita. Il debutto a scuola e il camion del trasloco perduto nel Texas, mettono però a dura prova le loro emozioni. A peggiorare le cose ci pensano Sadness e Joy, la prima ostinata a partecipare ai cambiamenti emotivi di Riley, la seconda risoluta a garantirle un''imperturbabile felicità. Ma la vita non è mai così semplice.','https://a.ltrbxd.com/resized/film-poster/1/1/3/2/8/4/113284-inside-out-0-1000-0-1500-crop.jpg?v=de03b9b6ef','2015-09-16','94','Pixar Animation Studios, Walt Disney Pictures','175','10');
INSERT INTO film VALUES('20','Speak No Evil - Non parlare con gli sconosciuti','Una vacanza da sogno si trasforma in un incubo quando una coppia americana e la figlia trascorrono il fine settimana nell''idilliaca tenuta di campagna di una famiglia britannica.','https://a.ltrbxd.com/resized/film-poster/1/0/0/4/5/3/1/1004531-speak-no-evil-0-1000-0-1500-crop.jpg?v=2c01632a58','2024-09-11','110','Blumhouse Productions, Universal Pictures','150','5');
INSERT INTO film VALUES('21','Dune - Parte Uno','Dune narra la storia di Paul Atreides, un giovane brillante e talentuoso, nato con un grande destino che va ben oltre la sua comprensione, che dovrà viaggiare verso il pianeta più pericoloso dell''universo per assicurare un futuro alla sua famiglia e alla sua gente. Mentre forze maligne si fronteggiano in un conflitto per assicurarsi il controllo esclusivo della più preziosa risorsa esistente sul pianeta - una materia prima capace di sbloccare il più grande potenziale dell''umanità - solo coloro che vinceranno le proprie paure riusciranno a sopravvivere.','https://a.ltrbxd.com/resized/sm/upload/nx/8b/vs/gc/cDbNAY0KM84cxXhmj8f0dLWza3t-0-1000-0-1500-crop.jpg?v=49eed12751','2021-09-16','155','Legendary Entertainment','165','6');
INSERT INTO film VALUES('22','Dune - Parte Due','Segui il mitico viaggio di Paul Atreides mentre si unisce a Chani e ai Fremen mentre è sul sentiero di guerra per vendicarsi dei cospiratori che hanno distrutto la sua famiglia. Di fronte a una scelta tra l''amore della sua vita e il destino dell''universo conosciuto, Paul si sforza di prevenire un terribile futuro che solo lui può prevedere.','https://a.ltrbxd.com/resized/film-poster/6/1/7/4/4/3/617443-dune-part-two-0-1000-0-1500-crop.jpg?v=cc533700f8','2024-02-28','166','Legendary Entertainment','190','6');
INSERT INTO film VALUES('23','Alien: Romulus','Alien: Romulus, film diretto da Fede Alvarez, è il nono capitolo del franchise horror sci-fi, iniziato nel 1979 con l''Alien di Ridley Scott. Il film riporta alle origini il franchise di Alien: rovistando nelle profondità di una stazione spaziale abbandonata, un gruppo di giovani colonizzatori dello spazio si trova faccia a faccia con la forma di vita più terrificante dell''universo...','https://a.ltrbxd.com/resized/film-poster/8/5/0/4/5/9/850459-alien-romulus-0-1000-0-1500-crop.jpg?v=acabb7fd83','2024-08-14','119','20th Century Studios, Hulu','90','6');
INSERT INTO film VALUES('24','Furiosa: A Mad Max Saga','Mentre il mondo va in rovina, la giovane Furiosa viene strappata dal Luogo Verde delle Molte Madri, e cade nelle mani di una grande Orda di Motociclisti guidata dal Signore della Guerra Dementus. Attraversando le Terre Desolate, si imbattono nella Cittadella presieduta da Immortan Joe. Mentre i due tiranni si battono per il predominio, Furiosa deve sopravvivere a molte prove e mettere insieme i mezzi per trovare la strada di casa.','https://a.ltrbxd.com/resized/film-poster/7/0/5/2/2/1/705221-furiosa-a-mad-max-saga-0-1000-0-1500-crop.jpg?v=3c0e322842','2024-05-23','148','Kennedy Miller Mitchell, Warner Bros.','168','1');
INSERT INTO film VALUES('25','Challengers','Tashi, una giocatrice di tennis diventata allenatrice, ha trasformato suo marito Art da un mediocre giocatore a un campione del grand slam. Per risollevargli il morale dopo una scia di partite perse, lo porta a giocare a un evento “Challenger” – uno dei tornei di livelli più bassi nel tour pro – dove si ritrova ad affrontare quello che una volta era un giocatore promettente e ora è totalmente esaurito: Patrick, suo ex migliore amico ed ex fidanzato di Tashi.','https://a.ltrbxd.com/resized/film-poster/8/4/2/3/0/1/842301-challengers-0-1000-0-1500-crop.jpg?v=a7cd63cbef','2024-04-24','131','Metro-Goldwyn-Mayer, Pascal Pictures','55','9');
INSERT INTO film VALUES('26','The Apprentice: Alle origini di Trump','The Apprentice: Alle origini di Trump, il film diretto da Ali Abbasi, segue l''ascesa del giovane Donald Trump (Sebastian Stan).
Siamo a New York tra gli anni Settanta e Ottanta e Trump è un ambizioso imprenditore. Inizia in quegli anni la costruzione del suo impero immobiliare e ad aiutarlo c''è la figura centrale di Roy Cohn (Jeremy Strong), un avvocato newyorkese noto per aver lavorato con Joseph McCarthy durante la seconda "Paura Rossa", periodo dell''anticomunismo negli Stati Uniti a cavallo degli anni Cinquanta. Cohn diventa il suo mentore e grazie a lui vengono poste le fondamenta per la nascita di una dinastia americana fatta di potere, corruzione e inganno.
Il film è centrato sul rapporto tra Cohn e Trump, all''epoca in cui il suo ingresso alla Casa Bianca è ancora molto lontano.','https://a.ltrbxd.com/resized/sm/upload/yj/8m/d9/4r/apprentice_xxlg-0-1000-0-1500-crop.jpg?v=684581b66b','2024-10-17','120','Gidden Media, Kinematics, Profile Pictures','80','3');
INSERT INTO film VALUES('27','Vermiglio','Vermiglio, il film diretto da Maura Delpero, si svolge in un piccolo paese di montagna di nome Vermiglio che si trova in Trentino.
Siamo nel 1944, Lucia, Ada e Livia sono tre sorelle adolescenti inseparabili, figlie di un eccentrico insegnante. Quando in paese arriva Pietro, un soldato siciliano, Lucia si innamora di lui e rimane incinta. I due sono costretti a sposarsi.
Gli equilibri della famiglia cambiano, Livia è la preferita e Ada si sente trascurata. Tutti sentono la mancanza di Lucia quando nel 1945, finita la guerra, parte con Pietro e suo figlio per la Sicilia. Ma una volta arrivata scopre nel peggiore dei modi che suo marito era già sposato. Sua moglie, scoperto il matrimonio con Lucia, si vendica sparandogli.
La giovane vedova e il suo bambino devono ricostruirsi una vita rimettendo insieme i pezzi del passato del marito.','https://a.ltrbxd.com/resized/film-poster/1/0/3/7/7/4/2/1037742-vermiglio-0-1000-0-1500-crop.jpg?v=b041d5a9d6','2024-09-19','119','Cinedora, Charades, Versus','80','3');
INSERT INTO film VALUES('28','Oppenheimer','La storia del ruolo di J. Robert Oppenheimer, i quali studi condussero alle scoperte legate alla bomba atomica, con il conseguente utilizzo durante le stragi di Hiroshima e Nagasaki durante la Seconda Guerra Mondiale.','https://a.ltrbxd.com/resized/film-poster/7/8/4/3/2/8/784328-oppenheimer-0-1000-0-1500-crop.jpg?v=e3c6e7a32c','2023-08-23','180','Atlas Entertainment, Universal Pictures','100','3');
INSERT INTO film VALUES('29','C''è ancora domani','È primavera e tutta la famiglia è in fermento per l''imminente fidanzamento dell''amata primogenita Marcella, che, dal canto suo, spera solo di sposarsi in fretta con un bravo ragazzo di ceto borghese, Giulio, e liberarsi finalmente di quella famiglia imbarazzante.','https://a.ltrbxd.com/resized/film-poster/9/2/5/0/3/7/925037-there-s-still-tomorrow-0-1000-0-1500-crop.jpg?v=00e897185a','2023-10-26','118','Wildside, Vision Distribution','8','3');
INSERT INTO film VALUES('30','Killers of the Flower Moon','All’inizio del XX secolo, la scoperta del petrolio trasformò l’esistenza degli Osage che diventarono da un giorno all’altro immensamente ricchi. L’improvviso benessere di questi nativi americani attirò l’interesse dei bianchi che iniziarono a manipolare, estorcere e sottrarre con l’inganno i beni degli Osage fino a ricorrere all’omicidio. Una storia d’amore e tradimenti, delitti e misteri in un intrigo avvincente per la scoperta della verità.','https://a.ltrbxd.com/resized/film-poster/3/9/8/0/0/9/398009-killers-of-the-flower-moon-0-1000-0-1500-crop.jpg?v=49b577149d','2023-10-19','206','Apple Studios, Imperative Entertainment','200','3');
INSERT INTO film VALUES('31','Spider-Man: Across the Spider-Verse','Dopo essersi riunito con Gwen Stacy, l''amichevole Spider-Man di Brooklyn Miles Morales viene catapultato nelle pieghe del multiverso, dove incontra la squadra di Spider-Eroi incaricata di proteggerne l''esistenza. Ma quando i protettori del multiverso si dimostrano intransigenti sul modo migliore per affrontare una nuova e temibile minaccia, Miles si ritrova solo contro gli altri Spider-Eroi a difendere il suo punto di vista. Tutto, pur di salvare la persona che ama di più al mondo.','https://a.ltrbxd.com/resized/film-poster/4/9/7/6/3/1/497631-spider-man-across-the-spider-verse-0-1000-0-1500-crop.jpg?v=f2acbf1b8a','2023-06-01','140','Sony Pictures Entertainment','200','10');
INSERT INTO film VALUES('32','Il Ragazzo e l''Airone','Spinto dal desiderio di rivedere sua madre, Mahito, un ragazzo di 12 anni, si avventura in un regno abitato dai vivi e dai morti. un luogo fantastico dove la morte finisce e la vita trova un nuovo inizio.','https://a.ltrbxd.com/resized/film-poster/4/3/8/6/9/2/438692-the-boy-and-the-heron-0-1000-0-1500-crop.jpg?v=521e114164','2024-01-24','125','Studio Ghibli','100','10');
INSERT INTO film VALUES('33','Il castello errante di Howl','Sophie ha diciotto anni e ogni giorno lavora instancabilmente nel negozio di cappelli del suo defunto padre. Un giorno, durante una rara escursione in città, per caso incontra il Mago Howl. Howl è ardito e bello, ma come tutti i maghi un po''smidollato. La Strega della Spazzatura, equivocando la natura del loro rapporto, getta una maledizione su Sophie, trasformandola in una novantenne rugosa. Sophie va via di casa e girovaga in una distesa desolata dove per caso entra nel castello mobile di Howl. Nascondendo la sua identità, diventa la donna delle pulizie. La vecchia petulante Sophie rimette a posto la casa, con molto piů brio di quanto ne avesse in origine. Cosa farà Sophie e cosa capiterà tra lei e Howl?','https://a.ltrbxd.com/resized/film-poster/4/9/0/6/2/49062-howl-s-moving-castle-0-1000-0-1500-crop.jpg?v=fde81bda52','2005-09-09','119','Studio Ghibli','2.4','10');
INSERT INTO film VALUES('34','La città incantata','La piccola Chihiro non sopporta l''idea di traslocare e di perdere i propri amici, ma non può far niente per impedirlo. Proprio quando la famiglia è in viaggio verso la nuova casa, il padre imbocca una strada sterrata che termina davanti a un tunnel misterioso. I genitori sceglieranno di attraversarlo nonostante le rimostranze di Chihiro, per giungere a un parco dei divertimenti abbandonato, almeno apparentemente.','https://a.ltrbxd.com/resized/film-poster/5/1/9/2/1/51921-spirited-away-0-1000-0-1500-crop.jpg?v=a3ad463c55','2003-04-18','122','Studio Ghibli','19','10');
INSERT INTO film VALUES('35','Principessa Mononoke','In seguito allo scontro con un animale posseduto da un demone il principe Ashitaka viene contaminato da una maledizione mortale. Si mette dunque in viaggio per scoprirne l''origine e chiedere una cura al grande Dio Bestia, l''unico in grado di guarirlo. Arrivato nelle regioni da cui proveniva la bestia scopre una guerra tra uomini e una forma primitiva di animali della foresta, giganti, senzienti e aiutati da quella che chiamano la Principessa Spettro, una ragazza cresciuta dai lupi che ha rinnegato gli uomini. Dall''altra parte gli uomini, capitanati da Lady Eboshi che gestisce con amore, giustizia e pietà il suo villaggio di fabbri, vogliono lavorare la montagna e abbattere gli alberi per poter estrarre il ferro (fonte di ricchezza). In mezzo un gruppo di monaci cerca di fomentare gli uomini ad uccidere il Dio Bestia e rubarne la testa perchè, si dice, fornisca l''eterna giovinezza.','https://a.ltrbxd.com/resized/sm/upload/fu/5h/fp/mj/mNqZOtJIQfFQPjo3hmYLIn8Qqhf-0-1000-0-1500-crop.jpg?v=aae03975f7','2000-03-19','134','Studio Ghibli','19','10');
INSERT INTO film VALUES('36','Il Signore degli Anelli: La Compagnia dell''Anello','Bilbo Baggins ha deciso di celebrare il suo centoundicesimo compleanno in maniera molto particolare; alla fine della festa, abbandona parenti, amici, conoscenti e il suo affezionato nipote Frodo, cui lascia ogni cosa. Lo stregone Gandalf insiste perché lo hobbit lasci a Frodo anche il suo anello magico, su cui intende tenere un occhio vigile e fare alcune ricerche, perché potrebbe celare un mistero più inquietante di quanto non sembri. E così è; quello di Bilbo è l''Unico Anello, l''Anello per domarli, il cuore del potere del malefico Signore Oscuro Sauron, che sta tornando a tessere le sue trame di conquista e distruzione. Per impedirgli di vedere realizzato il suo sanguinoso disegno, l''anello dovrà essere distrutto, cosa possibile soltanto nella fornace di Monte Fato, dove Sauron, secoli prima, lo forgiò.','https://a.ltrbxd.com/resized/sm/upload/3t/vq/0u/m6/1tX9ZlgVvWjAQhMs1vAfsYpi7VK-0-1000-0-1500-crop.jpg?v=30bbb824e1','2002-01-18','178','New Line Cinema, The Saul Zaentz Company','93','7');
INSERT INTO film VALUES('37','Il Signore degli Anelli - Le Due Torri','La Compagnia dell''Anello è divisa, e ogni speranza è riposta ora in Frodo e Sam, che stanno tentando di attraversare non visti i confini di Mordor, tallonati dall''infido Gollum: Aragorn, Gimli e Legolas sono invece sulle tracce di Merry e Pipino, rapiti dagli Uruk-Hai di Saruman e in grave pericolo di vita. Attraverso alterne vicende, raggiungeranno la terra di Rohan e aiuteranno il Re Theoden nella sua guerra contro il traditore Saruman...','https://a.ltrbxd.com/resized/film-poster/5/1/9/2/9/51929-the-lord-of-the-rings-the-two-towers-0-1000-0-1500-crop.jpg?v=9ef6c09783','2003-01-16','179','New Line Cinema, The Saul Zaentz Company','94','7');
INSERT INTO film VALUES('38','Il Signore degli Anelli - Il Ritorno del Re','Mentre Frodo e Sam, accompagnati da Gollum, proseguono il loro viaggio verso Monte Fato per distruggere l''anello, il resto della compagnia corre in soccorso di Rohan e Gondor, impegnati nella battaglia dei Campi del Pellenor.','https://a.ltrbxd.com/resized/sm/upload/zs/nt/u4/uz/xieWkPAgQrrk5wOyncayPd65hrp-0-1000-0-1500-crop.jpg?v=4c89d05285','2004-01-22','201','New Line Cinema, The Saul Zaentz Company','94','7');
INSERT INTO film VALUES('39','Lo Hobbit: Un viaggio inaspettato','Gandalf riunisce tredici nani e convince l''hobbit Bilbo Baggins ad aggregarsi al gruppo e lasciare la tranquillità del suo villaggio. La compagnia intraprende un viaggio nella Terra di Mezzo, riportando i nani nell''antico regno.','https://a.ltrbxd.com/resized/sm/upload/s7/p6/sy/6v/mfSAahVkAIYFkx1GVFSlCEdn0mt-0-1000-0-1500-crop.jpg?v=282e4f2260','2012-12-13','166','Metro-Goldwyn-Mayer, New Line Cinema','180','7');
INSERT INTO film VALUES('40','Lo Hobbit: La desolazione di Smaug','Bilbo Baggins e la compagnia devono sfidare Smaug, il drago dormiente della Montagna Solitaria che fa la guardia al tesoro dei nani.','https://a.ltrbxd.com/resized/sm/upload/e0/ek/na/yb/gQCiuxGsfiXH1su6lp9n0nd0UeH-0-1000-0-1500-crop.jpg?v=00310e521d','2013-12-12','161','Metro-Goldwyn-Mayer, New Line Cinema','200','7');
INSERT INTO film VALUES('41','Lo Hobbit: La Battaglia delle Cinque Armate','Il drago Smaug, infuriato per il tentativo di uccisione da parte del nano Thorin Scudodiquercia, attacca Pontelagolungo. Il governatore della città tenta di fuggire portando con sè tutto l''oro possibile. Nel frattempo Bard riesce a scappare dalla prigione dove era stato rinchiuso e con l''aiuto del figlio Bain, combatte contro l''invasore.','https://a.ltrbxd.com/resized/film-poster/9/6/5/5/2/96552-the-hobbit-the-battle-of-the-five-armies-0-1000-0-1500-crop.jpg?v=fcaa9a2943','2014-09-17','144','Metro-Goldwyn-Mayer, New Line Cinema','300','7');
INSERT INTO film VALUES('42','Green Book','Nel 1962, dopo la chiusura di uno dei migliori club di New York in cui lavorava, il buttafuori italoamericano Tony Lip deve a tutti i costi trovare un lavoro per mantenere la sua famiglia. Accetta di lavorare per il pianista afroamericano Don Shirley e decide di seguirlo in tour nel sud degli Stati Uniti. Nonostante le differenze e gli iniziali contrasti, tra i due si instaurerà una forte amicizia.','https://a.ltrbxd.com/resized/film-poster/4/2/0/7/0/3/420703-green-book-0-1000-0-1500-crop.jpg?v=9919fcce4c','2019-01-31','130','DreamWorks, Participant Media','23','3');
INSERT INTO film VALUES('43','La promessa dell''assassino','Il misterioso e ruvido Nikolai è legato ad una delle più note famiglie criminali di Londra. Nikolai gestisce la sua vita in maniera attenta e metodica; tutto questo viene però sconvolto quando sulla strada di Nikolai appare Anna, un''ostetrica che vuole indagare sulla mistero che circonda una sua paziente, una prostituta morta durante il parto. Nel corso delle sue ricerche Anna scopre accidentalmente delle prove compromettenti per la famiglia cui Nikolai è legato. L’incontro con Anna scatenerà una serie di delitti, menzogne e ricompense, con Nikolai a fare da perno a tutti gli avvenimenti.','https://a.ltrbxd.com/resized/film-poster/5/0/3/9/0/50390-eastern-promises-0-1000-0-1500-crop.jpg?v=00d11f65c9','2007-12-14','100','Serendipity Point Films, BBC Films','50','3');
INSERT INTO film VALUES('44','The Dead Don''t Hurt - I morti non soffrono','The Dead Don''t Hurt - I morti non soffrono, il film diretto da Viggo Mortensen, si svolge negli Stati Uniti nel 1860, un anno prima dell''inizio della Guerra Civile.
Vivienne Le Coudy (Vicky Krieps) è una donna franco-canadese che si guadagna da vivere vendendo fiori a San Francisco. Quando incontra il falegname danese Holger Olsen (Viggo Mortensen), i due si innamorano ma lei si rifiuta di sposarlo, rimanendo fedele alla sua natura indipendente. Decidono però di andare a vivere insieme a Elk Flats, nel Nevada.
La vita scorre tranquilla, tra lavoro e altre occupazioni quotidiane, fino a quando Holger decide di partire a combattere per l''Unione nella Guerra Civile. La coppia deve separarsi e Vivienne si trova a dover provvedere a se stessa in un clima ostile e corrotto a causa dei crescenti conflitti.
È una donna sola, bersaglio preferito di uomini avidi e potenti, ma la sua forza e la sua determinazione la aiutano a difendersi...','https://a.ltrbxd.com/resized/film-poster/9/3/0/6/3/6/930636-the-dead-don-t-hurt-0-1000-0-1500-crop.jpg?v=9cb9300dfd','2024-10-24','129','Talipot Studio, Recorded Picture Company','20','3');
INSERT INTO film VALUES('45','A Dangerous Method','Alla vigilia della Prima Guerra Mondiale, Zurigo e Vienna sono lo scenario di una torbida storia di avvincenti scoperte in nuovi territori della sessualità e dell''intelletto. Ispirato a fatti realmente accaduti, A Dangerous Method getta lo sguardo sulla turbolenta relazione fra il giovane psichiatra Carl Gustav Jung, il suo mentore Sigmund Freud e Sabina Spielrein, la bella e tormentata giovane donna che viene a interporsi tra loro. Nell''intreccio è coinvolto anche Otto Gross, un paziente incline alla depravazione e determinato a spingersi ben oltre i confini della morale comune. In questa esplorazione della sensualità, l''ambizione e l''inganno preparano la scena per il momento cruciale in cui Jung, Freud e Sabina si incontrano e si separano, cambiando per sempre il corso del pensiero moderno.','https://a.ltrbxd.com/resized/film-poster/1/7/2/8/8/17288-a-dangerous-method-0-1000-0-1500-crop.jpg?v=e0a909bc81','2011-09-30','93','Lago Film','14','3');
INSERT INTO film VALUES('46','A History of Violence','Tom vive e lavora in una piccola cittadina, ma un giorno uccide due rapinatori per legittima difesa. L''opinione pubblica ne fa una specie di eroe nazionale, ma alcune peersone cominciano a pensare che l''uomo sia un loro collega scomparso anni prima.','https://a.ltrbxd.com/resized/sm/upload/7g/wl/b8/1g/mz1qCHXxTUJm2AqOdW3IIpwYdo3-0-1000-0-1500-crop.jpg?v=782f3e510e','2005-12-16','95','New Line Productions','32','3');
INSERT INTO film VALUES('47','Inception','Dom Cobb possiede una qualifica speciale: è in grado di inserirsi nei sogni altrui per prelevare i segreti nascosti nel più profondo del subconscio. Viene contattato da Saito, un potentissimo industriale giapponese.','https://a.ltrbxd.com/resized/sm/upload/sv/95/s9/4j/inception-0-1000-0-1500-crop.jpg?v=30d7224316','2010-09-24','148','Syncopy, Warner Bros. Pictures','160','6');
INSERT INTO film VALUES('48','A Quiet Place II','La famiglia Abbott affronta i terrori del mondo esterno. Costretti ad avventurarsi nell''ignoto, i membri della famiglia si rendono conto che le creature che cacciano dal suono non sono le uniche minacce che si nascondono oltre il sentiero di sabbia.','https://a.ltrbxd.com/resized/film-poster/4/5/0/3/3/7/450337-a-quiet-place-part-ii-0-1000-0-1500-crop.jpg?v=75a12b8eec','2021-06-24','96','Paramount Pictures, Platinum Dunes','61','5');
INSERT INTO film VALUES('49','A Quiet Place - Un posto tranquillo','Tagliata fuori dal resto del mondo, una famiglia unita vive nella costante paura di emettere qualsiasi suono che possa attirare terrificanti creature aliene.','https://a.ltrbxd.com/resized/film-poster/3/7/9/6/8/7/379687-a-quiet-place-0-1000-0-1500-crop.jpg?v=895e756ae7','2018-04-05','90','Platinum Dunes, Sunday Night','17','5');
INSERT INTO film VALUES('50','Dunkirk','L''esercito inglese, impegnato a liberare le truppe alleate dalla Francia occupata dai nazisti, resta intrappolato sulla spiaggia con le spalle al mare e devone affrontare una situazione impossibile mentre il nemico avanza.','https://a.ltrbxd.com/resized/sm/upload/md/nb/pu/3i/bOXBV303Fgkzn2K4FeKDc0O31q4-0-1000-0-1500-crop.jpg?v=7307b1ff5b','2017-08-31','106','Syncopy, Warner Bros.','150','3');
INSERT INTO film VALUES('51','Pulp Fiction','I destini di un killer con la passione per gli hamburger, della sua compagna e di un pugile in declino s''intrecciano in questa cruenta pellicola di Quentin Tarantino.','https://a.ltrbxd.com/resized/film-poster/5/1/4/4/4/51444-pulp-fiction-0-1000-0-1500-crop.jpg?v=dee19a8077','1994-12-16','153','A Band Apart, Jersey Films, Miramax Films','8','8');
INSERT INTO film VALUES('52','Sophia!','Documentario racconta Sophia Loren come mai prima, mettendo insieme con passione e cura archivi straordinari che mostrano un ritratto inedito dell’attrice nata a Roma. Un viaggio alla scoperta del mito di un’attrice unica, e della sua vita, narrata da lei stessa in prima persona, attraverso materiali di repertorio, foto rarissime, filmati inediti, interviste radiofoniche e televisive, italiane ed internazionali.','https://a.ltrbxd.com/resized/film-poster/9/2/1/6/3/9/921639-sophia--0-1000-0-1500-crop.jpg?v=de9e1003be','2022-09-20','100','Rai Documentari','2','11');
INSERT INTO film VALUES('53','La La Land','Un musicista jazz e un''aspirante attrice si innamorano mentre sono entrambi impegnati a inseguire le proprie ambizioni e i propri sogni, ma le cose cambiano non appena cominciano a raggiungere il successo.','https://a.ltrbxd.com/resized/film-poster/2/4/0/3/4/4/240344-la-la-land-0-1000-0-1500-crop.jpg?v=053670ff84','2017-01-26','128','Black Label Media, Gilbert Films','30','12');
INSERT INTO film VALUES('54','Pearl','Bloccata nell’isolata fattoria di famiglia, Pearl deve prendersi cura del padre malato sotto lo sguardo amaro e dispotico di una madre molto religiosa. Pearl desidera intensamente una vita eccitante come quella vista nei film. L''ambizione della donna sfocia presto nella pazzia, portandola a compiere crimini orribili, proprio mentre tenta una carriera nel mondo dello spettacolo.','https://a.ltrbxd.com/resized/film-poster/8/5/3/8/2/2/853822-pearl-0-1000-0-1500-crop.jpg?v=471dfc4a24','2023-09-07','102','A24, Bron Creative, Little Lamb','1','5');
INSERT INTO film VALUES('55','Soul','Joe, direttore di una banda musicale delle scuole medie, sogna di suonare all''Half Note, un prestigioso locale di New York. Dopo 20 anni di tentativi, finalmente riesce a ottenere una serata. Tuttavia, un colpo di scena rovina i suoi piani.','https://a.ltrbxd.com/resized/film-poster/4/3/8/5/1/1/438511-soul-0-1000-0-1500-crop.jpg?v=8d0b74f9a8','2020-11-20','100','Pixar Animation Studios, Walt Disney Pictures','150','10');
INSERT INTO film VALUES('56','Jojo Rabbit','Durante la Seconda Guerra Mondiale, un ragazzino tedesco scopre che sua madre nasconde una giovane ebrea nella loro soffitta. Aiutato dal suo unico amico immaginario Adolf Hitler, Jojo deve fare i conti con il proprio cieco ed infantile nazionalismo.','https://a.ltrbxd.com/resized/film-poster/4/4/4/6/0/0/444600-jojo-rabbit-0-1000-0-1500-crop.jpg?v=a5ad083635','2020-01-16','108','Fox Searchlight Pictures','14','4');
INSERT INTO film VALUES('57','10 cose che odio di te','Bianca e Katarina sono due ragazze il cui padre (ostetrico che ha visto troppe gravidanze indesiderate passare sotto i suoi occhi) impedisce loro di uscire con i coetanei. Se questo alla rude Kat non dispiace per nulla, pesa invece molto a Bianca. Soprattutto quando arriva in città Cameron James che si innamora di lei immediatamente ricambiato. Considerato che ora il padre ha imposto un nuovo vincolo (Bianca potrà uscire con un ragazzo solo dopo che Kat lo avrà fatto) bisogna mettere in atto un piano perché qualcuno sia disposto a corteggiarla e perché lei ceda.','https://a.ltrbxd.com/resized/sm/upload/hl/jj/br/9g/Kd5OkBc6GyUa1tIpxYUHLpyE2t-0-1000-0-1500-crop.jpg?v=a2db0a150a','1999-08-27','98','Touchstone Pictures','13','9');
INSERT INTO film VALUES('58','Titanic','Rose ha diciassette anni, una madre egoista, un fidanzato facoltoso e una vita pianificata. Imbarcata sul Titanic e insoddisfatta della propria subalternità al futuro sposo incontra Jack, romantico disegnatore della terza classe che ha vinto a poker un biglietto per l''America. Contro le convenzioni e il destino, che chiederà il conto in una notte senza luna, Rose e Jack si innamorano, spiegando il loro spirito come i motori del più grande transatlantico del mondo. Lanciato nella sua prima traversata oceanica il Titanic è colpito al cuore da un iceberg, ''affondando' 'millecinquecento persone e il futuro dei due giovani amanti. Ottantaquattro anni dopo l''ultracentenaria Rose, scampata al naufragio e sopravvissuta a Jack, racconterà a un gruppo di scienziati la meraviglia di un amore interclassista e la stupidità di un mondo diviso in classi. Un mondo che il Titanic inabisserà in un oceano nero il 15 aprile del 1912.','https://a.ltrbxd.com/resized/film-poster/5/1/5/2/4/51524-titanic-0-1000-0-1500-crop.jpg?v=7517ea94ce','1998-01-16','195','Lightstorm Entertainment','200','9');
INSERT INTO film VALUES('59','Megalopolis','Cesar, un architetto di New York, ha un piano utopistico per ricostruire la città, totalmente distrutta da una catastrofe, in un modo del tutto nuovo e innovativo. Il suo sogno, però, è ostacolato dal sindaco di NYC, Frank Cicero, corrotto e conservatore. La figlia di questi, Julia, che cerca di emanciparsi dalla situazione di privilegio e oppressione in cui è nata, si ritrova presto fra due fuochi in quanto affezionata al padre ma innamorata del progettista.','https://a.ltrbxd.com/resized/film-poster/5/2/0/3/2/8/520328-megalopolis-0-1000-0-1500-crop.jpg?v=64ab4fa858','2024-10-16','138','American Zoetrope','120','6');
INSERT INTO film VALUES('60','Uncharted','Nathan Drake e il suo compagno di avventure Sully si lanciano in una pericolosa ricerca per trovare il più grande tesoro perduto, mentre seguono anche gli indizi che potrebbero portare al fratello di Nathan, scomparso da tempo.','https://a.ltrbxd.com/resized/film-poster/2/6/4/3/2/8/264328-uncharted-0-1000-0-1500-crop.jpg?v=988669139a','2022-02-17','116','Sony Computer Entertainment America','120','2');
INSERT INTO film VALUES('61','Terrifier 3','Terrifier 3, il film diretto da Damien Leone, si svolge la Vigilia di Natale a Miles County.
La neve ricopre tutto e la magia creata dall''atmosfera natalizia riempie tutte le case della città. I bambini emozionati, si coricano in attesa di Babbo Natale (Daniel Roebuck) ma non sanno che al suo posto, dal camino scenderà il temutissimo serial killer Art il Clown (David Howard Thornton).
Travestito da Babbo Natale, Art porta con sé un sacco che non è colmo di regali ma serve a contenere le vittime della sua furia omicida. Con la sua ascia affilata si prepara al massacro che tingerà di rosso sangue il bianco Natale.
Al contrario di quello che crede Sienna Shaw (Lauren LaVera), Art è ancora vivo e pronto a mietere le sue vittime per tingere il Natale di rosso, sì, ma di rosso sangue. Dopo essersi confrontata con suo fratello Jonathan (Elliot Fullam), Sienna sa che per fermare il sadico pagliaccio c''è solo una cosa da fare: tornare al Terrifier.','https://a.ltrbxd.com/resized/film-poster/9/3/2/7/3/9/932739-terrifier-3-0-1000-0-1500-crop.jpg?v=6c46b036d1','2024-11-07','125','Bloody Disgusting, Dark Age Cinema','2','5');
INSERT INTO film VALUES('62','Wicked','Wicked, film diretto da Jon M. Chu, si svolge nel Regno di Oz, anni prima dell’arrivo di Dorothy Gale.
Elphaba (Cynthia Erivo) e Glinda (Ariana Grande), sono due giovani aspiranti streghe appena entrate nella prestigiosa università di stregoneria. Elphaba ha la carnagione verde e Glinda è bionda e angelica. Destinate a diventare rispettivamente, la Strega Cattiva dell''Ovest e la Strega Buona del Sud, le due giovani studentesse diventano grandi amiche.
La loro è un’amicizia ostacolata dagli schemi corrotti del Regno, ma nonostante qualche screzio, Elphaba e Glinda rimangono unite. Quando Elphaba viene invitata nel palazzo del Mago di Oz (Jeff Goldblum), porta con sé la sua migliore amica.
È l’inizio di una straordinaria avventura che svela i retroscena che sono all’origine del celebre racconto del viaggio di Dorothy verso la Città di Smeraldo.','https://a.ltrbxd.com/resized/film-poster/3/3/7/0/3/6/337036-wicked-2024-0-1000-0-1500-crop.jpg?v=c519c37ff7','2024-11-21','160','Marc Platt Productions, Universal Pictures','145','12');
INSERT INTO film VALUES('63','Nosferatu','Nosferatu, il film diretto da Robert Eggers, si svolge nell’Ottocento in Germania.
Il protagonista è un vampiro proveniente dalla Transylvania che si invaghisce ossessivamente di una giovane donna. Il vampiro non può fare a meno di perseguitare l''oggetto del suo desiderio, generando orrore e sangue...','https://a.ltrbxd.com/resized/film-poster/3/5/9/5/0/5/359505-nosferatu-2024-0-1000-0-1500-crop.jpg?v=284959a55c','2024-12-21','132','Focus Features, Stillking Films, Studio 8','2.5','5');
INSERT INTO film VALUES('64','Il Gladiatore','Nell''anno 180 d. C. il generale Massimo Decimo Meridio conduce i romani a una valorosa vittoria contro i germanici. Questa nuova dimostrazione di magnificenza frutta a Massimo la possibile successione a imperatore di Roma dopo Marco Aurelio, il quale lo preferisce al figlio Commodo. Quest''ultimo, dopo aver appreso la notizia dal padre, lo uccide e dà l''ordine di giustiziare Massimo e la sua famiglia.','https://a.ltrbxd.com/resized/film-poster/5/1/9/5/2/51952-gladiator-0-1000-0-1500-crop.jpg?v=ebc9155e73','2000-05-19','155','Universal Pictures, DreamWorks SKG','103','3');
INSERT INTO film VALUES('65','Il Gladiatore II','Il Gladiatore II, il film diretto da Ridley Scott, è il sequel del celebre film Il Gladiatore con Russell Crowe del 2000.
Il secondo capitolo sarà ambientato circa 30 anni dopo il primo e vede come protagonista Lucius (Paul Mescal), figlio di Lucilla e nipote di Commodo, salvato proprio da Massimo Decimo Meridio (Russell Crowe) alla fine del primo film.
Anni dopo aver assistito alla tragica morte del venerato eroe Massimo per mano del suo perfido zio, Lucio si trova costretto a combattere nel Colosseo dopo che la sua patria viene conquistata da parte di due tirannici imperatori, che ora governano Roma: Caracalla e Geta (Joseph Quinn e Fred Hechinger). Con il cuore ardente di rabbia e il destino dell''Impero appeso a un filo, Lucio deve affrontare pericoli e nemici, riscoprendo nel suo passato la forza e l''onore necessari per riportare la gloria di Roma al suo popolo.','https://a.ltrbxd.com/resized/film-poster/4/8/6/9/7/8/486978-gladiator-ii-0-1000-0-1500-crop.jpg?v=0fb2edf525','2024-11-14','141','Parkes/MacDonald Image Nation','310','3');
INSERT INTO film VALUES('66','The Substance','The Substance, film diretto da Coralie Fargeat, segna l''approccio femminista della regista al body horror. Racconta la storia di Elisabeth (Demi Moore), un''attrice hollywoodiana finita nel dimenticatoio, che è stata licenziata dal programma di aerobica che conduceva per avere superato i 50 anni di età. La donna decide di rispondere a un annuncio in cui cercano persone su cui sperimentare un misterioso siero che ringiovanisce. Una volta che le è stata somministrata la sostanza, Elisabeth si rende conto che il siero agisce in maniera differente da come lei si aspettava, perché la porta a dare vita per partenogenesi a una versione più giovane e bella di lei di nome Sue (Margaret Qualley).
Le regole prescritte dal siero sono molto chiare: le due donne dovranno alternarsi ogni settimana, cosicché una sia ibernata, mentre l''altra è in circolazione. In questo modo Elisabeth potrà percepire nello stato di ibernazione ogni cosa che Sue farà e rivivere tramite la giovane la propria giovinezza e i benefici che ne conseguono.
Quando Sue inizia a diventare sempre più ribelle, decidendo di restare "attiva" più del limite stabilito, inizierà a prosciugare la linfa vitale di Elisabeth...','https://a.ltrbxd.com/resized/film-poster/8/3/8/1/4/0/838140-the-substance-0-1000-0-1500-crop.jpg?v=ab9e1072f8','2024-10-30','140','Universal Pictures, Working Title Films','17.5','5');
INSERT INTO film VALUES('67','IT','Adattamento dell''omonimo romanzo di Stephen King, IT si incentra sulla prima parte del racconto, ambientata negli anni 80. Il palloncino rosso che galleggia a mezz''aria è il biglietto da visita di una misteriosa entità demoniaca che tormenta i ragazzini di Derry, attirandoli in una trappola mortale senza vie di scampo. Nell''immaginaria cittadina del Maine dove la gente scompare senza motivo, l''ennesima vittima è un bambino di sette anni di nome George, risucchiato in un tombino durante un temporale. Un gruppo di ragazzini perseguitati dai bulli per diverse ragioni, si riunisce sotto la denominazione di Club dei Perdenti per indagare sul mistero della morte di George e degli altri ragazzi scomparsi. Leader dei Perdenti è il giovane Bill Denbrough (Jaeden Lieberher), fratello maggiore dell''ultima vittima, attanagliato dai sensi di colpa per non aver impedito il brutale assassinio. Al suo fianco, bersagli naturali dei prepotenti per indole, aspetto o condizioni economiche, ci sono il grassoccio Ben (Jeremy Ray Taylor), l''impulsivo Richie (Finn Wolfhard), il pragmatico Stan (Wyatt Oleff), l''appassionato di storia Mike (Chosen Jacobs), l''ipocondriaco Eddie (Jack Dylan Grazer) e l''unica ragazza della banda Beverly (Sophia Lillis). Quando la ricerca li conduce a un clown sadico e maligno chiamato Pennywise (Bill Skarsgård), ciascuno dei coraggiosi componenti del neonato Club si rende conto di averlo già incontrato prima.','https://a.ltrbxd.com/resized/sm/upload/w3/47/76/am/6uDpMsdn8bbZScDptbika5JEtSH-0-1000-0-1500-crop.jpg?v=ee603d8e3b','2017-10-19','135','Vertigo Entertainment','40','5');
INSERT INTO film VALUES('68','The Nun - La vocazione del Male','The Nun - La vocazione del Male, è un film horror del 2018, diretto da Corin Hardy. I fatti del film si svolgono in Romania nel 1952, nel monastero cattolico di Cârţa, quando due suore vengono attaccate da un''entità oscura, dopo aver tentato il recupero di una reliquia cristiana. L''unica sopravvissuta è Suor Victoria (Charlotte Hope) che poco dopo, si impicca fuori da una finestra. Frenchie (Jonas Bloquet), il garzone che porta le provviste al monastero, denuncia l''accaduto. Il Vaticano decide così di inviare in Romania Padre Burke (Demiàn Bichìr) e la novizia Suor Irene (Taissa Farmiga) per indagare sul suicidio.
Accompagnati da Frenchie, seppelliscono la suora e dopo aver incontrato la Badessa, scoprono che le altre suore sono costantemente in preghiera per tenere a bada un antico spirito malvagio, evocato da un duca il cui castello sorgeva sul terreno del monastero.
Lo scopo del demone è prendere possesso di un corpo per soddisfare la sua sete di sangue e male. Irene e Burke dovranno così affrontare l''entità determinata a prendere il sopravvento, verranno a conoscenza del reciproco passato e lavoreranno insieme per scoprire le terribili verità che si nascondono all''interno dell''abbazia.','https://a.ltrbxd.com/resized/film-poster/3/7/1/8/4/2/371842-the-nun-0-1000-0-1500-crop.jpg?v=f5b4ea0e76','2018-09-20','96','Atomic Monster, New Line Cinema','22','5');
INSERT INTO film VALUES('69','Harry Potter e la pietra filosofale','Harry Potter ha vissuto sotto le scale a casa dei suoi zii per tutta la vita. Ma al suo undicesimo compleanno, scopre di essere un mago potente, con un posto che lo aspetta alla Scuola di Magia e Stregoneria di Hogwarts. Mentre impara a sfruttare i suoi nuovi poteri con laiuto del gentile preside della scuola, Harry scopre la verità sulla morte dei suoi genitori e sul cattivo che è il colpevole.','https://a.ltrbxd.com/resized/sm/upload/5t/cj/6w/6e/harrypotter2-0-1000-0-1500-crop.jpg?v=0053b4ed93','2001-12-06','125','warner Bros.','125','7');
INSERT INTO film VALUES('70','Harry Potter e la camera dei segreti','Le auto volano, gli alberi reagiscono e un misterioso elfo domestico viene ad avvertire Harry Potter all''inizio del suo secondo anno a Hogwarts. Avventure e pericoli attendono quando una scritta insanguinata su un muro annuncia: La Camera dei Segreti è stata aperta. Per salvare Hogwarts serviranno tutte le abilità magiche e il coraggio di Harry, Ron e Hermione.','https://a.ltrbxd.com/resized/sm/upload/rj/yc/zl/ex/g8IQhqYYLERU0UxjVaySP46PFEZ-0-1000-0-1500-crop.jpg?v=d867145245','2002-12-06','238','warner Bros.','100','7');
INSERT INTO film VALUES('71','Harry Potter  e il prigioniero di Azkaban' ,'Il terzo anno a Hogwarts significa nuovo divertimento e nuove sfide mentre Harry impara la delicata arte di avvicinare un Ippogrifo, trasformando i Boggart mutaforma in ilarità e persino tornando indietro nel tempo. Ma il termine porta anche pericoli: Dissennatori succhia-anime aleggiano sulla scuola, un alleato del maledetto Colui-Che-Non-Può-Essere-Nominato si nasconde tra le mura del castello e il temibile mago Sirius Black fugge da Azkaban. E Harry li affronterà tutti.','https://a.ltrbxd.com/resized/sm/upload/a3/0q/kf/h8/jUFjMoLh8T2CWzHUSjKCojI5SHu-0-1000-0-1500-crop.jpg?v=6285ee260e','2004-06-04','222','warner Bros.','100','7');
INSERT INTO film VALUES('72','Harry Potter e il calice di fuoco','Quando il nome di Harry Potter emerge dal Calice di Fuoco, diventa un concorrente in una lotta estenuante per la gloria tra tre scuole di magia: il Torneo Tremaghi. Ma poiché Harry non ha mai presentato il suo nome per il Torneo, chi lo ha fatto? Ora Harry deve affrontare un drago mortale, feroci demoni dell''acqua e un labirinto incantato solo per ritrovarsi nella crudele morsa di Colui-Che-Non-Deve-Essere-Nominato.','https://a.ltrbxd.com/resized/film-poster/5/1/4/5/0/51450-harry-potter-and-the-goblet-of-fire-0-1000-0-1500-crop.jpg?v=6b5c9896c9','2005-11-25','237','warner Bros.','150','7');
INSERT INTO film VALUES('73','Harry Potter e l''ordine della fenice','Ritornato per il suo quinto anno di studio a Hogwarts, Harry è sbalordito nello scoprire che i suoi avvertimenti sul ritorno di Lord Voldemort sono stati ignorati. Non avendo altra scelta, Harry prende in mano la situazione, addestrando un piccolo gruppo di studenti a difendersi dalle arti oscure.','https://a.ltrbxd.com/resized/sm/upload/wd/w4/n0/yj/g6n8G0xPnBVUIKKK41sNmbZB5h4-0-1000-0-1500-crop.jpg?v=57af08b652', '2007-07-11','218','warner Bros.','150','7');
INSERT INTO film VALUES('74','Harry Potter e il principe mezzosangue','Mentre Lord Voldemort stringe la sua presa sia sul mondo babbano che su quello magico, Hogwarts non è più un rifugio sicuro. Harry sospetta che i pericoli possano nascondersi anche all''interno del castello, ma Silente è più intenzionato a prepararlo per la battaglia finale che si avvicina rapidamente. Insieme lavorano per trovare la chiave per sbloccare le difese di Voldemort e a questo scopo, Silente recluta il suo vecchio amico e collega Horace Lumacorno, che ritiene detenga informazioni cruciali.','https://a.ltrbxd.com/resized/film-poster/5/1/3/8/5/51385-harry-potter-and-the-half-blood-prince-0-1000-0-1500-crop.jpg?v=789e7859c8','2009-11-15','233','warner Bros.','250','7');
INSERT INTO film VALUES('75','Harry Potter e i doni della morte parte 1','Harry, Ron e Hermione lasciano il loro ultimo anno a Hogwarts per trovare e distruggere gli Horcrux rimanenti, ponendo fine al tentativo di Voldemort di ottenere l''immortalità. Ma con l''amato Silente di Harry morto e i Mangiamorte senza scrupoli di Voldemort a piede libero, il mondo è più pericoloso che mai.','https://a.ltrbxd.com/resized/sm/upload/u8/tj/88/3v/harry-potter-and-the-deathly-hallows-part-i-original-0-1000-0-1500-crop.jpg?v=a31050208d','2010-11-19','226','warner Bros.','250','7');
INSERT INTO film VALUES('76','Harry Potter e i doni della morte parte 2','Harry, Ron e Hermione continuano la loro ricerca per sconfiggere il malvagio Voldemort una volta per tutte. Proprio quando le cose cominciano a sembrare senza speranza per i giovani maghi, Harry scopre un trio di oggetti magici che gli conferiscono poteri che rivaleggiano con le formidabili abilità di Voldemort.','https://a.ltrbxd.com/resized/film-poster/4/4/5/8/0/44580-harry-potter-and-the-deathly-hallows-part-2-0-1000-0-1500-crop.jpg?v=66f3769773','2011-11-13','130','warner Bros.','250','7');

//inserimento di Attori

INSERT INTO attore VALUES ('1','Margot', 'Robbie', '1990-07-02','https://static2.amica.it/wp-content/uploads/2023/08/AMICARCS_20230804112136213_202d2c3412a893b2aed9156e58fb0f2f1-1-635x967.jpg', 'Margot Robbie è un''attrice e produttrice australiana, riconosciuta a livello internazionale per la sua versatilità e talento. 
Cresciuta a Dalby, nel Queensland, ha iniziato la sua carriera nel 2007 con un ruolo nella soap opera Neighbours, che le ha conferito notorietà in Australia. Il suo debutto cinematografico avviene nel 2013 con il film ""The Wolf of Wall Street"", in cui recita accanto a Leonardo DiCaprio, ricevendo ampi consensi dalla critica. 
Da allora, ha collezionato una serie di successi, tra cui ""Focus"" (2015), ""Suicide Squad"" (2016), dove interpreta Harley Quinn, e ""Tonya"" (2017), che le vale una nomination all''Oscar come miglior attrice.
Oltre alla recitazione, Robbie è anche una produttrice di successo, co-fondando la sua casa di produzione, LuckyChap Entertainment. Tra i suoi progetti recenti, spiccano Once Upon a Time in Hollywood (2019) di Quentin Tarantino e Barbie (2023), in cui interpreta il personaggio principale. 
Con una carriera in continua ascesa, Robbie è considerata una delle attrici più talentuose e influenti della sua generazione.');
    
INSERT INTO attore VALUES ('2','Robert', 'Downey Jr.', '1965-04-04','https://upload.wikimedia.org/wikipedia/commons/thumb/9/94/Robert_Downey_Jr_2014_Comic_Con_%28cropped%29.jpg/1200px-Robert_Downey_Jr_2014_Comic_Con_%28cropped%29.jpg','Robert Downey Jr. è un attore e produttore statunitense, noto per il suo carisma e le sue interpretazioni poliedriche. 
Cresciuto a New York in una famiglia di artisti, inizia a recitare in giovane età, facendo il suo debutto cinematografico con Pound (1970), un film diretto da suo padre, Robert Downey Sr. 
Negli anni ''80 e ''90, guadagna notorietà con ruoli in film come Less Than Zero (1987) e Chaplin (1992), per il quale riceve una nomination all''Oscar come miglior attore. Tuttavia, la sua carriera subisce un rallentamento a causa di problemi personali e dipendenze. Il suo grande ritorno avviene nel 2008, quando interpreta Tony Stark/Iron Man nell''Universo Cinematografico Marvel, 
un ruolo che lo consacra come uno dei più grandi attori di Hollywood e che riprende in vari film, tra cui The Avengers (2012) e Avengers: Endgame (2019). Downey Jr. è amato non solo per le sue capacità recitative, ma anche per il suo spirito ironico e il suo approccio alla vita. Oggi è considerato una delle stelle più brillanti di Hollywood, combinando talento, umorismo e una straordinaria capacità di reinventarsi.');
                        
INSERT INTO attore VALUES ('3','Johnny', 'Depp', '1963-06-09', 'https://upload.wikimedia.org/wikipedia/commons/2/21/Johnny_Depp_2020.jpg','Johnny Depp è un attore, produttore e musicista statunitense, noto per la sua versatilità e i ruoli iconici che ha interpretato nel corso della sua carriera. Nato a Owensboro, nel Kentucky, cresce in una famiglia modesta e si trasferisce in Florida durante l''infanzia. 
Inizia la sua carriera nel mondo dello spettacolo come musicista, ma la sua vera passione si rivela essere la recitazione. Depp ottiene il suo primo ruolo importante nella serie TV 21 Jump Street negli anni ''80, che lo rende un volto noto. Tuttavia, è il film Edward mani di forbice (1990), diretto da Tim Burton, a segnare la sua ascesa nel cinema. Da allora, collabora frequentemente con Burton, recitando in film come La sposa cadavere e Alice in Wonderland. 
Nel 2003, Depp raggiunge la fama mondiale interpretando il Capitano Jack Sparrow nella serie di film Pirati dei Caraibi, un ruolo che diventa iconico. La sua carriera è caratterizzata da una scelta eclettica di ruoli in film di genere diverso, come Donnie Brasco, Sweeney Todd e Il mistero della casa del tempo. Nonostante il successo professionale, la vita personale di Depp è stata segnata da alti e bassi, tra cui pubblicità per le sue relazioni e controversie legali. 
Tuttavia, continua a essere una figura di spicco nel panorama cinematografico, apprezzato per il suo talento e il suo impegno artistico.');
    
INSERT INTO attore VALUES  ('4','Benedict', 'Cumberbatch', '1976-07-19', 'https://upload.wikimedia.org/wikipedia/commons/thumb/6/6e/BCumberbatch_Comic-Con_2019.jpg/220px-BCumberbatch_Comic-Con_2019.jpg', 'Cresciuto a Londra, ha frequentato la Harrow School e successivamente la Manchester University, dove ha studiato recitazione. Inizia la sua carriera teatrale con la Royal Shakespeare Company, guadagnando notorietà per il suo ruolo di Sherlock Holmes nella serie BBC "Sherlock". 
La sua performance gli vale riconoscimenti internazionali e una nomination agli Emmy. Cumberbatch ha brillato anche sul grande schermo, recitando in film come "The Imitation Game", per il quale riceve una nomination all''Oscar, e nel ruolo di Doctor Strange nell''universo Marvel. La sua carriera spazia tra ruoli drammatici e d''azione, e continua a consolidare la sua posizione come uno dei più rispettati attori della sua generazione. 
Oltre al cinema e al teatro, è noto per il suo impegno in cause benefiche e sociali.');

INSERT INTO attore VALUES ('5','Ryan','Gosling','1980-11-12','https://m.media-amazon.com/images/M/MV5BMTQzMjkwNTQ2OF5BMl5BanBnXkFtZTgwNTQ4MTQ4MTE@._V1_.jpg','Ryan Gosling è un attore e musicista canadese, noto per la sua versatilità e il suo carisma sullo schermo. Cresciuto a Cornwall, Ontario, ha iniziato la sua carriera nel mondo dello spettacolo da giovane, partecipando a programmi per bambini come ""Mickey Mouse Club"". Gosling ha guadagnato notorietà con ruoli in film come ""The Notebook"", 
che lo ha consacrato come un’icona romantica. La sua carriera è proseguita con successi in film come ""Drive"", ""La La Land"", e ""Blade Runner 2049"", dimostrando la sua capacità di affrontare una vasta gamma di generi, dal dramma all''azione. Oltre alla recitazione, è anche un musicista e ha collaborato con diverse band. Gosling è noto anche per il suo impegno in cause sociali e ambientali.');

INSERT INTO attore VALUES ('6','Leonardo','Di Caprio','1974-11-11','https://pad.mymovies.it/cinemanews/2023/186280/leo.jpg','Leonardo DiCaprio è un attore e produttore cinematografico statunitense, noto per le sue performance in una vasta gamma di film che spaziano dal dramma all''azione. Cresciuto a Los Angeles, DiCaprio inizia la sua carriera da bambino in pubblicità e serie TV, guadagnando attenzione per il suo ruolo in ""Growing Pains"". Il suo primo grande successo arriva con il film ""What''s Eating Gilbert Grape"" (1993), 
per il quale riceve la sua prima nomination all''Oscar. 
Tuttavia, la vera consacrazione avviene con "Titanic" (1997), diretto da James Cameron, che diventa un fenomeno culturale e lo catapulta nel firmamento di Hollywood. Da quel momento, DiCaprio collabora con registi di fama come Martin Scorsese, con cui realizza film acclamati come "Gangs of New York", "The Aviator", 
"The Departed" e "Wolf of Wall Street". Oltre alla sua carriera attoriale, DiCaprio è un appassionato ambientalista e fondatore della Leonardo DiCaprio Foundation, impegnata nella lotta contro i cambiamenti climatici e nella conservazione della biodiversità. La sua dedizione per l''ambiente si riflette anche nel suo lavoro cinematografico, con documentari come "Before the Flood". Nel 2016, dopo diverse nomination, DiCaprio vince finalmente l''Oscar come Miglior Attore per la sua performance in "The Revenant".
 Con una carriera che abbraccia più di due decenni e un impegno costante per le cause ambientaliste, DiCaprio è considerato uno dei più talentuosi e influenti attori della sua generazione.');

INSERT INTO attore VALUES ('7','Robert','De Niro','1943-08-17','https://image.tmdb.org/t/p/w500/cT8htcckIuyI1Lqwt1CvD02ynTh.jpg','Robert De Niro è un attore e produttore statunitense, considerato uno dei più grandi attori della sua generazione. Cresciuto a New York, ha iniziato a recitare fin da giovane, frequentando il Lee Strasberg Theatre Institute. De Niro ha guadagnato fama internazionale con il suo ruolo in "Mean Streets" di Martin Scorsese e ha continuato a lavorare con il regista in film iconici come "Taxi Driver", "Raging Bull" e "Goodfellas". La sua versatilità lo ha portato a interpretare una vasta gamma di personaggi, da gangster a ruoli drammatici e comici, come in "Meet the Parents". Vincitore di numerosi premi, tra cui due premi Oscar, De Niro è noto anche per il suo impegno nel cinema indipendente e per le sue iniziative filantropiche.');

INSERT INTO attore VALUES ('8','Christian', 'Bale','1974-01-30','https://www.ilpost.it/wp-content/uploads/2024/01/30/1706607890-christian-bale42.jpg','Christian Bale è un attore britannico celebre per la sua straordinaria capacità di trasformarsi fisicamente e psicologicamente per ogni ruolo. È diventato famoso con "American Psycho" e ha consolidato il suo successo interpretando Batman nella trilogia de "Il cavaliere oscuro" di Christopher Nolan. Oltre alla sua popolarità nei film di grande budget, ha vinto un Oscar per il suo ruolo in "The Fighter". Conosciuto per il suo perfezionismo, Bale ha affrontato ruoli in film come The Machinist, Vice e Ford v Ferrari, confermandosi tra gli attori più versatili e rispettati di Hollywood.');

INSERT INTO attore VALUES ('9','Michael', 'Keaton','1951-09-05','https://upload.wikimedia.org/wikipedia/commons/thumb/b/b7/Michael_Keaton-63916_%28cropped%29.jpg/800px-Michael_Keaton-63916_%28cropped%29.jpg','Michael Keaton è un attore e produttore statunitense originario della Pennsylvania. Ha iniziato la sua carriera nel mondo della televisione, guadagnando notorietà negli anni ''80 con ruoli in sitcom e film. La sua interpretazione iconica del supereroe Batman nei film di Tim Burton, "Batman" e "Batman Returns", lo ha consacrato come uno dei volti più riconoscibili del cinema. Dopo una pausa nella carriera, Keaton ha fatto un ritorno trionfale con "Birdman", vincendo numerosi premi e riconoscimenti per la sua performance. Con una carriera che abbraccia diverse generazioni e generi, Keaton è considerato uno dei più talentuosi attori della sua generazione.');

INSERT INTO attore VALUES ('10','Winona', 'Ryder','1971-10-29','https://cdn.britannica.com/67/222467-050-37837EB5/Winona-Ryder-2018.jpg','Winona Ryder è un''attrice statunitense, originaria di Winona, Minnesota. Cresciuta in un ambiente artistico, ha debuttato nel cinema a metà degli anni ''80, guadagnando rapidamente notorietà per le sue performance in film come "Beetlejuice" e "Heathers". La sua carriera ha continuato a fiorire negli anni ''90 con ruoli memorabili in pellicole come ""L''età dell''innocenza"" e ""Piccole donne"". Nonostante alcune difficoltà personali e professionali, Ryder ha fatto un significativo ritorno nel mondo del cinema e della televisione, guadagnando riconoscimenti per il suo ruolo nella serie "Stranger Things". Con una carriera di oltre tre decenni, Winona Ryder è considerata un''icona della cultura pop e un''attrice versatile.');

INSERT INTO attore VALUES ('11','Jenna' , 'Ortega','2002-09-27','https://www.thewom.it/content/uploads/sites/3/2023/04/beauty-look-jenna-ortega.jpg','Jenna Ortega è un''attrice americana, nota per il suo talento e la sua versatilità. Ha iniziato la sua carriera da giovanissima, ottenendo ruoli in serie TV di successo come "Jane the Virgin" e "You". La sua interpretazione nel ruolo di Wednesday Addams nella serie "Wednesday" ha ricevuto ampi consensi, consolidandola come una delle giovani star più promettenti di Hollywood. Oltre alla recitazione, Jenna è anche una voce attiva su temi sociali e culturali, utilizzando la sua piattaforma per sensibilizzare su questioni importanti. Con un crescente seguito di fan e progetti futuri in cantiere, Jenna continua a lasciare il segno nell''industria cinematografica.');

INSERT INTO attore VALUES ('12','Halle' , 'Berry','1966-08-14','https://static.sky.it/editorialimages/56512576c88de826e944e29cbb319b078a827e12/skytg24/it/spettacolo/2020/08/19/halle-berry-video-costume/halle-berry-cover.jpg', 'Halle Berry è un''attrice e produttrice statunitense, famosa per la sua versatilità e il suo talento. Ha iniziato la sua carriera come modella e ha fatto il suo debutto nel mondo del cinema negli anni ''90. La Berry ha guadagnato riconoscimenti per ruoli in film come ""Monster''s Ball"", per il quale ha vinto un premio Oscar come miglior attrice, diventando la prima donna afroamericana a ricevere questo riconoscimento nella categoria principale. È conosciuta anche per i suoi ruoli in franchise di successo come ""X-Men"" e ""James Bond"". Con una carriera che abbraccia vari generi cinematografici, Halle Berry è considerata una delle attrici più influenti del suo tempo.');

INSERT INTO attore VALUES ('13','James' , 'McAvoy','1979-04-21','https://ihorror.com/wp-content/uploads/2023/04/James-McAvoy-Horror-Movie.jpg','James McAvoy è un attore scozzese, ha iniziato la sua carriera nel teatro, guadagnando riconoscimenti per le sue performance in produzioni classiche. È salito alla ribalta con il film "Atonement," che ha messo in luce il suo talento drammatico. McAvoy è diventato famoso per la sua interpretazione di Charles Xavier nella serie "X-Men," dimostrando un’abilità unica nel bilanciare carisma e vulnerabilità. Ha continuato a stupire il pubblico in film come "Split" e "Glass," dove ha sfidato se stesso con ruoli complessi e sfaccettati. Con una carriera diversificata, continua a essere un attore molto rispettato a Hollywood.');

INSERT INTO attore VALUES ('14','Mackenzie' , 'Davis','1987-04-01','https://www.intrattenimento.eu/wp-content/uploads/2019/01/Mackenzie-Davis.jpg', 'Attrice canadese, Mackenzie Davis fa il suo esordio nel cinema nel 2012 con Smashed di James Ponsoldt, diventando un volto riconoscibile del cinema indipendente. Ottiene attenzione per il ruolo in What If (2013), che le vale una candidatura all''Academy of Canadian Cinema and Television Award come miglior attrice non protagonista. Dopo ruoli in film come Sopravvissuto - The Martian (2015) e Blade Runner 2049 (2017), è protagonista di Tully (2018) accanto a Charlize Theron. Per la televisione, è nota per Halt and Catch Fire e per il suo ruolo nell''episodio ""San Junipero"" di Black Mirror. Recentemente, ha recitato in Terminator - Destino oscuro e The Turning - La casa del male.');

INSERT INTO attore VALUES ('15', 'Aisling', 'Franciosi', '1993-06-06','https://www.iodonna.it/wp-content/uploads/2019/02/ShootingStars2019_Portraits_020-1024x683.jpg', 'Nata a Dublino da padre italiano e madre irlandese, ha due fratelli maggiori e una sorella minore. Bilingue in inglese e italiano, si dedica al teatro fin da giovane, ottenendo il suo primo ruolo nella miniserie Quirke. È nota per il suo ruolo di Katie in The Fall - Caccia al serial killer, che le vale un premio come miglior attrice non protagonista. Ha esordito al cinema con Jimmy''s Hall e ha recitato nel corto Ambition. Nel 2018 interpreta Claire in The Nightingale, diretto da Jennifer Kent e presentato alla Mostra di Venezia.');


INSERT INTO attore VALUES ('16','Timothée', 'Chalamet','1995-12-27','https://media.vogue.mx/photos/61ae54524e8164be2c15aa6f/2:3/w_2560%2Cc_limit/GettyImages-1347362857.jpg', 'Di padre francese e madre statunitense, l''attore Timothée Hal Chalamet è cresciuto a New York, nel quartiere di Hell''s Kitchen, noto per la sua vicinanza a Broadway. Ha iniziato la sua carriera da bambino con spot pubblicitari e cortometraggi, prima di debuttare sul piccolo schermo in Law & Order e nel film Un Amore per Leah. Il grande debutto arriva nel 2011 con la commedia The Talls a Off-Broadway, seguito da ruoli in serie come Royal Pains e Homeland. L''esordio al cinema avviene nel 2014 con Men, 
Women & Children e nel film di Christopher Nolan Interstellar. La sua ascesa continua con ruoli significativi in Natale all''improvviso e, soprattutto, in Chiamami col tuo nome, che gli vale una nomination agli Oscar. Nel 2017, la sua fama si consolida anche con partecipazioni in Hostiles e Lady Bird. Chalamet è apprezzato dalla critica per la sua recitazione “irresistibile” e per la dedizione ai suoi ruoli, paragonato a leggende come James Dean.');

INSERT INTO attore VALUES ('17','Zendaya','Zendaya','1996-09-01','https://media.vogue.es/photos/65ee46c4422db62534fce5ca/2:3/w_2560%2Cc_limit/GettyImages-2066795732.jpg','Zendaya Maree Stoermer Coleman è un’attrice e cantante statunitense, nota per il suo talento sia nella musica che nella recitazione. Ha guadagnato fama con la serie Disney Shake It Up e ha ottenuto riconoscimenti internazionali per il suo ruolo in Euphoria, dove interpreta Rue, una giovane con problemi di dipendenza. Nel 2021, ha brillato nel film Dune di Denis Villeneuve, interpretando Chani, un ruolo che ha messo in evidenza la sua versatilità. Oltre alla recitazione, Zendaya è una figura influente nella moda e sostiene iniziative per la diversità 
e l''inclusione nell''industria dell''intrattenimento.');

INSERT INTO attore VALUES ('18','Cillian', 'Murphy','1976-05-25','https://cdn.britannica.com/10/215010-050-A44F9280/Irish-actor-Cillian-Murphy-2017.jpg','Cillian Murphy è un attore irlandese originario di Douglas, Cork. Inizia la sua carriera musicale in una band prima di dedicarsi alla recitazione con la Corcadorca Theater Company. Il suo primo successo internazionale arriva con 28 giorni dopo di Danny Boyle, dove interpreta Jim, un giovane che si risveglia in una Londra post-apocalittica. La sua versatilità emerge in ruoli significativi come lo Spaventapasseri nella trilogia di Batman di Christopher Nolan e nel film Il vento che accarezza l''erba, che gli vale l''acclamazione della critica. Murphy ha partecipato a progetti importanti come Inception, Peaky Blinders, dove interpreta il carismatico Thomas Shelby,
 e Transcendence con Johnny Depp. Oltre alla recitazione, è noto per la sua natura riservata e il suo impegno verso il vegetarianismo. Sposato dal 2004 con l''artista Yvonne McGuinness, ha due figli e continua a essere uno dei volti più apprezzati del cinema contemporaneo.');

INSERT INTO attore VALUES ('19','Emily','Blunt','1983-02-23','https://forbes.it/wp-content/uploads/2024/08/GettyImages-2150896970-scaled.jpg','Emily Blunt è un''attrice britannica di grande successo, nota per la sua versatilità e talento. Ha iniziato la sua carriera nel teatro, guadagnando attenzione con il ruolo in "The Royal Family". Il suo debutto cinematografico arriva con "The Devil Wears Prada", dove recita accanto a Meryl Streep. Da allora, ha recitato in film di successo come ""A Quiet Place"", ""Edge of Tomorrow"" e ""Mary Poppins Returns"". Blunt ha ricevuto numerosi riconoscimenti per le sue performance, affermandosi come una delle attrici più apprezzate di Hollywood. È anche nota per il suo impegno in progetti a tema sociale e per la sua vita privata riservata.');

INSERT INTO attore VALUES ('20','Brad','Pitt','1963-12-18','https://movieplayer.net-cdn.it/t/images/2023/04/07/brad-pitt_jpg_1600x900_crop_q85.jpg','Brad Pitt è un attore e produttore statunitense, noto per le sue interpretazioni in film iconici e per la sua presenza carismatica sul grande schermo. Dopo aver conseguito una laurea in giornalismo e pubblicità, inizia la sua carriera recitando in serie TV come "Dallas" e "Growing Pains". Ottiene notorietà negli anni ''90 grazie a ruoli in film come ""Thelma & Louise"", "A River Runs Through It" e "Legends of the Fall". Pitt si afferma definitivamente con "Fight Club" e "Se7en", consolidando la sua reputazione di attore versatile. Ha collaborato con registi di prestigio, come Quentin Tarantino in "Inglourious Basterds" e "Once Upon a Time in Hollywood", e con David Fincher in "Fight Club". 
Oltre alla recitazione, Pitt è un produttore di successo, fondando la sua casa di produzione, Plan B Entertainment, che ha prodotto opere acclamate come "12 Years a Slave" e "Moonlight". Riconosciuto per il suo impegno sociale e filantropico, Pitt ha sostenuto diverse cause umanitarie e ambientali nel corso degli anni. Ha ricevuto numerosi premi, tra cui un Oscar come Miglior Attore non protagonista per "Once Upon a Time in Hollywood", confermando il suo status di icona nel mondo del cinema.');

INSERT INTO attore VALUES ('21','Joseph Gordon' , 'Levitt','1981-02-17','https://m.media-amazon.com/images/M/MV5BMTczNDUzMTg0M15BMl5BanBnXkFtZTcwNDg2NDQzNA@@._V1_.jpg','Joseph Gordon-Levitt è un attore, regista e produttore statunitense, noto per la sua versatilità e talento. Inizia la sua carriera da bambino nella serie televisiva ""3rd Rock from the Sun"", dove guadagna popolarità. Ha recitato in film come "Inception", "500 Days of Summer" e "The Dark Knight Rises", mostrando la sua capacità di interpretare ruoli complessi in diversi generi. Oltre alla recitazione, ha co-fondato la piattaforma online "HITRECORD", dedicata alla collaborazione creativa. Gordon-Levitt continua a essere una figura influente nel mondo del cinema e della cultura pop.');

INSERT INTO attore VALUES ('22','Tom','Hardy','1977-09-15','https://resizing.flixster.com/-XZAfHZM39UwaGJIFWKAE8fS0ak=/v3/t/assets/269411_v9_bd.jpg','Tom Hardy è un attore e produttore britannico, noto per la sua versatilità e per le sue performance intense. Ha esordito nel 2001 nella miniserie ""Band of Brothers"" e ha guadagnato notorietà con il film ""Bronson"" (2008), in cui interpreta il criminale Michael Peterson. La sua carriera ha continuato a decollare grazie a ruoli in film come ""Inception"" (2010), ""The Dark Knight Rises"" (2012), e "Mad Max: Fury Road" (2015), per il quale ha ricevuto ampi consensi dalla critica. Hardy è noto anche per le sue interpretazioni in "Venom" (2018) e nella serie "Taboo". 
Conosciuto per il suo approccio trasformativo ai personaggi, è considerato uno degli attori più talentuosi della sua generazione.');

INSERT INTO attore VALUES ('23','Keira', 'Knightley','1985-03-26','https://compass-media.vogue.it/photos/6602c7486a8e6adad555af4a/master/w_1600%2Cc_limit/Keira%2520Knightley%25203.jpg','Keira Knightley è un''attrice britannica, riconosciuta per la sua versatilità e il suo talento in vari generi cinematografici. Ha iniziato la carriera da giovane, guadagnando attenzione con il film "Pirati dei Caraibi: La maledizione della prima luna" (2003), dove ha interpretato Elizabeth Swann. La sua fama è esplosa con "Orgoglio e pregiudizio" (2005), che le è valso una nomination all''Oscar. Ha continuato a recitare in pellicole di successo come "Atonement" (2007), "Anna Karenina" (2012) e "The Imitation Game" (2014). Knightley è apprezzata anche per il suo impegno sociale, sostenendo cause come i diritti delle donne e la salute mentale.
 Con una carriera ricca di ruoli indimenticabili, è considerata una delle attrici più talentuose della sua generazione.');

INSERT INTO attore VALUES ('24','Viggo','Mortensen','1958-10-20','https://cdn.britannica.com/36/221836-050-E37532D9/Danish-American-actor-author-Viggo-Mortensen-2018.jpg','Viggo Mortensen è un attore, produttore e fotografo statunitense, noto per la sua versatilità e la sua intensità nelle interpretazioni. È cresciuto tra il Venezuela, gli Stati Uniti e la Danimarca, sviluppando una passione per le arti sin da giovane. Ha guadagnato notorietà mondiale grazie al suo ruolo di Aragorn nella trilogia de "Il Signore degli Anelli", diretta da Peter Jackson, che ha segnato un punto di svolta nella sua carriera. Mortensen ha recitato in una vasta gamma di film, tra cui "A History of Violence" (2005), "Eastern Promises" (2007) e "Captain Fantastic" (2016), dimostrando la sua capacità di interpretare personaggi complessi e sfumati. Oltre alla recitazione, è anche un artista e un fotografo, con mostre delle sue opere in tutto il mondo. Mortensen è noto per il suo impegno politico e sociale, affrontando temi importanti sia nei suoi film che nelle sue dichiarazioni pubbliche. Con una carriera che abbraccia oltre tre decenni, è considerato uno degli attori più rispettati di Hollywood.');

 

INSERT INTO attore VALUES ('25','Daniel', 'Radcliffe','1989-07-23','https://encrypted-tbn2.gstatic.com/images?q=tbn:ANd9GcS0JYQELhG9I7rNh06EijIjyKBArF0aei3wNeSHnqbxAMXmKi91','Daniel Radcliffe è nato a Londra, Inghilterra. È l''unico figlio di Alan George Radcliffe e sua moglie Marcia Jeannine Gresham. Sua madre è ebrea, nata in Sudafrica e cresciuta a Westcliff-on-Sea, nell''Essex. Suo padre è cresciuto a Banbridge, nella contea di Down, nell''Irlanda del Nord, in una famiglia protestante. Gli antenati materni di Radcliffe erano immigranti ebrei dalla Polonia e dalla Russia. I genitori di Daniel avevano entrambi recitato da bambini. Suo padre è un agente letterario. Sua madre è un''agente di casting ed è stata coinvolta in diversi film per la BBC, tra cui The Inspector Lynley Mysteries e Walk Away and I Stumble.');
INSERT INTO attore VALUES ('26','Emma', 'Watson','1990-04-15','https://upload.wikimedia.org/wikipedia/commons/thumb/7/7f/Emma_Watson_2013.jpg/220px-Emma_Watson_2013.jpg','Emma Watson è nata a Parigi il 15 aprile 1990, dagli avvocati britannici Chris Watson e Jacqueline Luesby. Ha vissuto a Maisons-Laffitte, vicino a Parigi, fino all''età di cinque anni. Da bambina era iperattiva e all''età di cinque anni le è stato diagnosticato l''ADHD, per cui assume Ritalin da allora. I suoi genitori divorziarono quando era ancora giovane e si trasferì in Inghilterra per vivere con la madre nell''Oxfordshire, mentre trascorreva i fine settimana a casa del padre a Londra.[7] Ha dichiarato che parla un po'' di francese, anche se "non bene" come una volta.Dopo essersi trasferita a Oxford con la madre e il fratello, ha frequentato la Dragon School, rimanendovi fino al 2003. All''età di sei anni nasce il suo desiderio di diventare attrice: Emma si forma presso la sede di Oxford della Stagecoach Theatre Arts, una scuola di teatro part-time dove studia canto, danza e recitazione.
Dopo aver terminato la scuola superiore, Watson si è presa un anno sabbatico per girare Harry Potter e i Doni della Morte – Parti 1 e 2 a partire da febbraio 2009, e in seguito ha confermato che avrebbe scelto l''Università Brown di Rhode Island.');
INSERT INTO attore VALUES ('27','Rupert', 'Grint','1988-08-24','https://upload.wikimedia.org/wikipedia/commons/thumb/9/93/RupertGrint2018.jpg/220px-RupertGrint2018.jpg','Rupert Grint è di origini irlandesi ed è il più grande dei cinque figli di Nigel Grint e Jo Parsone[1]. Ha un fratello e tre sorelle: James (nato nel 1990), Georgina (nata nel 1993), Samantha (1996) e Charlotte (1998). Ha frequentato la scuola elementare di St Josephs a Hertford, e successivamente la Top Hat Stage School. All''età di 16 anni lasciò la scuola. Il suo primo ruolo fu quello di Ronald Weasley nella saga di Harry Potter.');
INSERT INTO attore VALUES ('28','Matthew','Lewis', '1989-06-27','https://upload.wikimedia.org/wikipedia/commons/thumb/6/60/Matthew_Lewis_80301200042_%2849735826981%29_%28cropped%29.jpg/220px-Matthew_Lewis_80301200042_%2849735826981%29_%28cropped%29.jpg','Lewis è nato a Horsforth, Leeds, West Yorkshire, nel Regno Unito, figlio di Lynda e Adrian Lewis. Ha due fratelli: Anthony (attore) e Chris (montatore). Incominciò a recitare dall''età di cinque anni, debuttando nel film Some Kind of Life di Julian Jarrold. In seguito ha interpretato parti minori in diverse serie televisive. Il 24 luglio 2012 è stato insignito di una Laurea ad Honorem presso l''università di Leeds, per il suo significativo contributo alle arti e alle opere di carità.
Dal 2001 al 2011 ha interpretato Neville Paciock negli otto film della serie cinematografica di Harry Potter. Nei contenuti extra del dvd di Harry Potter e il prigioniero di Azkaban, Lewis ha rivelato che per il ruolo di Neville Paciock ha indossato scarpe di due taglie più grandi, delle punte di plastica sulle orecchie per renderle più attaccate alla testa e dei denti finti, anche se in realtà la sua dentatura è rimasta invariata, sia fuori che dentro la scena, fino al 2011');
INSERT INTO attore VALUES ('29','Tom','Felton','1987-09-22','https://upload.wikimedia.org/wikipedia/commons/thumb/2/20/Tom_Felton%2C_2011_cropped.jpg/220px-Tom_Felton%2C_2011_cropped.jpg','Tom Felton è nato a Epsom nel Surrey, Inghilterra, il 22 settembre del 1987, da Peter Felton e Sharon Anstey. Ha frequentato la West Horsley''s Cranmore School fino all''età di 13 anni e in seguito la Howard of Effingham, una scuola secondaria nel Surrey. Ha tre fratelli maggiori: Ashley, Jonathan e Chris Felton.
I suoi genitori hanno divorziato quando era adolescente[2]. Suo nonno materno è il geofisico Nigel Anstey[3]. Felton ha sviluppato un interesse per il canto durante l''infanzia e successivamente si è unito ai cori scolastici; gli è stato offerto un posto nel coro della cattedrale di Guildford.');
INSERT INTO attore VALUES ('30','Alan', 'Rickman','1946-02-21','https://upload.wikimedia.org/wikipedia/commons/thumb/f/fe/Alan_Rickman_after_Seminar_%283%29.jpg/220px-Alan_Rickman_after_Seminar_%283%29.jpg','Alan Sidney Patrick Rickman (Londra, 21 febbraio 1946 – Londra, 14 gennaio 2016) è stato un attore britannico, vincitore di un BAFTA, un Golden Globe, un Premio Emmy e uno Screen Actors Guild Award. È stato inoltre candidato due volte al Tony Award come miglior attore nel 1987 per Les Liaisons Dangereuses e nel 2002 per Private Lives. Viene ricordato, in particolare, per i numerosi ruoli da antagonista ricoperti nella sua carriera, ma soprattutto per aver interpretato Severus Piton nella saga di Harry Potter e Hans Gruber in Die Hard - Trappola di cristallo.');
INSERT INTO attore VALUES ('31','Bonnie','Wright', '1991-02-17','https://upload.wikimedia.org/wikipedia/commons/thumb/3/3b/Bonnie_Wright_by_Gage_Skidmore.jpg/220px-Bonnie_Wright_by_Gage_Skidmore.jpg','Bonnie Francesca Wright è figlia di Sheila Teague e Gary Wright, proprietari della società di gioiellieri Wright & Teague. Durante le riprese della saga di Harry Potter, Wright ha cominciato a frequentare la University of the Arts di Londra (London College of Communication), per studiare Film and Television Production Manager, dove si è laureata il 19 luglio 2012.');
INSERT INTO attore VALUES ('32','Maggie','Smith','1934-12-28','https://www.quotidiano.net/image-service/view/acePublic/alias/contentid/MmJiYTdmMDgtOTIwNS00/1/maggie-smith-e-morta-all-eta-di-89-anni.webp?f=3%3A2&q=1&w=1560','Dame Margaret Natalie Smith (Ilford, 28 dicembre 1934 – Londra, 27 settembre 2024) è stata un''attrice britannica.
Tra le più apprezzate attrici cinematografiche britanniche, nel corso di una carriera durata per sette decenni ha accumulato numerosi riconoscimenti tra cui due Premi Oscar, tre Golden Globe (su dodici candidature), cinque BAFTA, cinque Screen Actors Guild Award, quattro Emmy Award e un Tony Award.Nel 1970 ha vinto l''Oscar alla miglior attrice per la sua interpretazione ne La strana voglia di Jean, mentre nel 1979 ha vinto il medesimo premio come miglior attrice non protagonista per California Suite. I suoi altri ruoli per cui è stata candidata agli Oscar sono nei film Otello (1965), In viaggio con la zia (1972), Camera con vista (1986) e Gosford Park (2001).');
INSERT INTO attore VALUES ('33','Robbie','Coltrane','1950-03-30','https://upload.wikimedia.org/wikipedia/commons/thumb/3/3a/Robbiecoltrane_%28cropped%29.jpg/220px-Robbiecoltrane_%28cropped%29.jpg','Robbie Coltrane, pseudonimo di Anthony Robert McMillan (Rutherglen, 30 marzo 1950 – Larbert, 14 ottobre 2022), è stato un attore e comico britannico.
Noto al grande pubblico principalmente per aver interpretato il ruolo di Rubeus Hagrid nella saga cinematografica di Harry Potter, per cui ha ricevuto candidature BAFTA e ai Saturn Award, Coltrane ha altresì vestito i panni del personaggio di Valentin Zukovsky in due film della saga di James Bond (Goldeneye e Il mondo non basta). Inoltre, ha vinto tre British Academy Television Awards grazie alla serie televisiva Cracker (1993-1996).');
INSERT INTO attore VALUES ('34','Ralph','Fiennes','1962-12-22','https://upload.wikimedia.org/wikipedia/commons/thumb/e/e1/Ralph_Fiennes_from_%22The_White_Crow%22_at_Opening_Ceremony_of_the_Tokyo_International_Film_Festival_2018_%2831747095048%29.jpg/220px-Ralph_Fiennes_from_%22The_White_Crow%22_at_Opening_Ceremony_of_the_Tokyo_International_Film_Festival_2018_%2831747095048%29.jpg','Ralph Fiennes, all''anagrafe Ralph Nathaniel Twisleton-Wykeham-Fiennes, è un attore, regista e produttore cinematografico britannico.
Interprete di Shakespeare, Fiennes eccelleva sul palcoscenico del Royal National Theatre prima di ottenere ulteriori successi alla Royal Shakespeare Company. Ha ricevuto vari riconoscimenti, tra cui un Premio BAFTA e un Tony Award, oltre a candidature per due Premi Oscar, sei Golden Globe, quattro Screen Actors Guild Awards e un Premio Emmy. Dal 1999 Fiennes serve come ambasciatore per l''UNICEF, e nel settembre 2017 ha ottenuto la cittadinanza onoraria serba.
Ha debuttato sul grande schermo con il film Cime tempestose (1992), continuando a recitare in numerosi film di successo, tra cui Quiz Show (1994), Fine di una storia (1999), The Constant Gardener - La cospirazione (2005), In Bruges - La coscienza dell''assassino (2008), The Hurt Locker (2008), The Reader - A voce alta (2008), con il ruolo di Lord Voldemort nella serie cinematografica di Harry Potter (2005-2011),');
INSERT INTO attore VALUES ('35','Helena','Bonham Carter','1966-05-26','https://upload.wikimedia.org/wikipedia/commons/thumb/c/c5/Helena_Bonham_Carter_%28Berlin_Film_Festival_2011%29_3_%28cropped%29.jpg/220px-Helena_Bonham_Carter_%28Berlin_Film_Festival_2011%29_3_%28cropped%29.jpg','È nata nel 1966 a Golders Green, un quartiere di Londra, da Raymond Bonham Carter (banchiere inglese, figlio del politico liberale Sir Maurice Bonham Carter e della scrittrice Violet Bonham Carter a sua volta figlia del primo ministro Herbert Henry Asquith) e da Elena Propper de Callejón; quest''ultima è una psicoterapeuta inglese, figlia della pittrice Hélène Fould-Springer (ebrea di origini austriache e francesi) e del diplomatico spagnolo Eduardo Propper de Callejón[3] (figlio a sua volta di un ebreo boemo e di una spagnola di religione cattolica), che durante la seconda guerra mondiale si mobilitò per salvare la vita di migliaia di ebrei dalle persecuzioni naziste, atto per cui è stato riconosciuto Giusto tra le nazioni.');

// inserimento recensioni
//
INSERT INTO recensione VALUES('1','Questo film va visto... a qualunque costo. A mio parere il migliore dei 23 del Marvel Cinematic Universe. Battere Avengers: Infinity War era un impresa più che ardua, ma Avengers: Endgame ci è riuscito.
Interpretazione indimenticabile (in particolare nel caso di Robert Downey Jr colonna sonora fantastica, missione epica, e naturalmente la più grande battagliona finalona della storia, rendono questo film una specie di capolavoro, facendo provare allo spettatore (soprattutto ai fan del MCU) una emozione e una carica incredibili. Personalmente, non ho mai provato una tale emozione e una tale carica in nessun film che io abbia già visto. E quando lo vedi in sala... SPETTACOLARE. Assolutamente spettacolare. 
Non si era mai visto un capitolo conclusivo tanto spettacolare, tanto amato, tanto proficuo e, soprattutto, tanto mastodontico, essendo la fine dei giochi di una saga composta da 21 film, prima di esso. Ci ha fatto ridere, piangere, commuovere, emozionare. L''ultima battaglia, un ultimo sacrificio, un ultima missione. Un ultimo ''Io sono Iron Man''. 
Il mio film preferito, di ogni genere e categoria, senza ombra di dubbio','1','1');

INSERT INTO recensione VALUES ('2','Finalmente qualcuno ha pensato bene di abbattere tutti i falsi stereotipi cinematografici precedenti su Sherlock Holmes e, guarda caso, è stato uno dei miei registi preferiti di sempre: Guy Ritchie. Questo film è come un giro sulle montagne russe: divertente e avvincente fin dal primo istante. E le dinamiche Holmes/Watson il vero cuore dell''intero film. La chimica fra i due protagonisti, Downey Jr. e Law, è stupefacente! Sebbene RDJ non abbia niente di Holmes a livello estetico, è riuscito con la sua interpretazione a far dimenticare completamente al pubblico quel dettaglio trascurabile, così lui e JL, sono ad oggi i migliori Holmes e Watson di sempre. Meno soddisfacenti i personaggi di contorno, Adler compresa, completamente stravolta dal racconto originale, ma a loro si fa davvero poco caso.   Critiche? Due, ma che non influiscono sulla piacevolezza del film: il cambio di "ritmo" della regia fra il "primo tempo" e il "secondo tempo" e il "cattivo" Blackwood dal quale ci si aspettava forse qualcosa in più. Ma in totale questo è il miglior Sherlock Holmes mai realizzato finora','1','2');

INSERT INTO recensione VALUES ('3',' Un film fuori dalle solite convenzioni.. incentrato dopo la morte di Superman, in cui invece di servirsi dell'' aiuto dei soliti eroi, si sono serviti dei famosi cattivi, che i tanto conosciuti eroi si sono affannati a combattere. 
I più celebri, nonchè i più pericolosi, sono stati tirati in ballo incentrando la storia non solo sulla missione che il gruppo doveva compiere, ma anche sulla vita privata che ognuno di questi criminali ha fuori dalla prigione. Come dice il titolo "squadra suicida", questi criminali devono riuscire a battere una forza sopra la loro portata, 
ma che con astuzia riescono a battere. Grazie a questo film ci rendiamo conto che i cosiddetti "cattivi" non sempre vengono sconfitti perche non hanno organizzato bene l'' attacco oppure perchè hanno trovato qualcosa più grande di loro... Qui anche i cattivi possono avere la loro dose di gloria, mostrando che anche se guidati da qualcun''altro possono fare qualcosa di buono anche loro. 
Qui la DC ci fa notare che anche i più temibili hanno qualcuno a cui tengono e che anche i più pazzi possono avere un cuore. ','3','3');

INSERT INTO recensione VALUES ('4','1° capitolo di una saga poi diventata un fenomeno planetario,, questo La maledizione della prima luna (il titolo inglese significa invece La maledizione della Perla Nera), un film costato ben 140 milioni di dollari, riesce, dopo anni di oblio, a risollevare le sorti del genere piratesco, 
grazie ad una ottima regia e ad un''ottima e variegata squadra di attori, e soprattutto grazie ad uno straordinario apparato tecnico (gli effetti notturni in cui i pirati si rivelano per quello che realmente sono, degli inquietanti scheletri semoventi, sono eccezionali).
Lo script di Elliott e Rossio, derivato dalla ben nota attrazione disneyana, aggiunge poi quel pizzico di ironia e autoironia che non guasta mai, facendo del film un spasso continuo, pieno di gag e battute riuscite, ma anche pieno di azione ed effetti speciali. Tutto quello che ci si aspetta da un blockbuster hollywoodiano, insomma.
La storia non conta più di tanto, quello che conta sono i personaggi, tutti riusciti, a cominciare dallo Sparrow di Depp fino al Barbossa di Rush o al Gibbs di McNally, l''azione continua, i costumi e le fantasiose scenografie, la colonna sonora di grande impatto, la fotografia.
Sarà anche, insomma, solo un prodotto di puro intrattenimento, un semplice divertimento da luna park, ma non si prende mai sul serio e funziona.','4','4');

INSERT INTO recensione VALUES ('5','Veramente bello e ben riuscito, con un Johnny Depp perfetto, calato a pennello, con un Verbinski padrone della situazione e un cast davvero funzionale  econcreto a cominciare da un grande Rush. A mio avviso è il miglior film sulla pirateria anche se questa ha un taglio diverso, 
ironico, spiritoso, a tratti leggero ma mai sciocco, mescolato comunque a situazioni tipiche e a volte stereotipate come tesori, duelli, codici pirateschi ed immancabili arrembaggi (davvero belli!). Da ricordare gli effetti speciali delle trasformazioni notturne della ciurma ed i costumi, autentico pezzo forte non solo del film ma 
dell''intera saga. Belle anche le scene d''azione, frenetiche, veloci, credibili, grazie ad un montaggio ed una regia di alto livello. Nonostante una durata esagerata non annoia. Senza dubbio il migliore della saga, giunta in questi giorni al quarto episodio che ancora non ho visto','6','5');

INSERT INTO recensione VALUES ('6','Doctor Strange rappresenta una vera e propria novità nell''universo Marvel in quanto per la prima volta lo spettatore vi vede insita la componente magica resa manifesta dal regista Scott Derrickson, 
il quale non trova problemi a riguardo compiendo da dietro la cinepresa davvero un buon lavoro e gli attori che lui stesso ha diretto risultano all''altezza dei loro ruoli. Benedict Cumberbatch bravissimo nel gestire le sfumature del suo personaggio e Tilda Swinton oramai è una garanzia ed attribuisce 
al suo personaggio "l''antico" un giustissimo spessore. Il Doctor Strange approda al mondo mistico in seguito a un incidente verificatosi alle sue mani ma molto velocemente si ritrova  partecipe e protagonista di una minaccia apparentemente più grande di lui seppur sterile dato che il cattivo di turno Kaecilius è come se fosse trasparente risultando di conseguenza davvero poco incisivo. Il passaggio del doctor strange dal mondo reale a quello mistico è stato ideato molto bene ma è proprio nel suo adattamento a tale mondo che la vicenda perde man mano di intesità, svolgendosi sempre sul medesimo registro senza qualcosa che la sblocchi fino alla sua conclusione. Ciò che traspare in essa da un certo punto in poi è solo la bellissima effetistica alla Inception dando così più importanza alla forma che al contenuto. Il problema infatti è proprio nello svolgimento e nella sfruttare la componente magica e mistica, a questo riguardo ci si apettava un combattimento fra stregoni e non chimatemi scontro quello fra l''antico e Kaecilius che al massimo sarà durato tre minuti con chiacchere annesse, ed una dinamica consistente oltre che il profilo action. 
Sostanzialmente il film che era partito così bene, non decolla classificandosi come un buon prodotto che sicuramente poteva dare molto di più.','5','5');

INSERT INTO recensione VALUES ('7','Mi è piaciuto vedere come Deadpool e Wolverine, nonostante le loro nature complesse e oscure, riescano a trovare una sorta di redenzione. Sono diversi ma simili, e questa dualità, unita alla grande chimica tra i protagonisti, mi è piaciuta molto. 
Entrambi i personaggi hanno storie intricate e profonde che li rendono affascinanti 
Deadpool, con il suo umorismo tagliente e la capacità di rompere la quarta parete, si vede spesso come un anti-eroe piuttosto che un eroe tradizionale. Wolverine, con il suo passato tormentato e la lotta interna tra la bestia e l’uomo, rappresenta un viaggio di redenzione e scoperta di sé
Anche se non sempre sono considerati eroi e il loro passato li fa sentire sbagliati, le loro azioni dimostrano un forte senso di giustizia e protezione verso gli altri. Questo li rende personaggi importanti per il futuro Marvel. Con questo upgrade sono diventati dei veri eroi','2','6');

INSERT INTO recensione VALUES ('8',' Aaron Taylor Johnson perfettamente in parte, l’ho trovato divertentissimo e caricaturale nelle sue espressioni e grottesco ma in maniera contenuta, oltre ad essere un personaggio sofisticato e schizzinoso, 
anche la sua spalla fantastica, devo dire che si amalgamavano molto bene come coppia e funzionavano nella loro comicità. Anche Prince personaggio molto intrigante, e devo dire che Joey King è stata davvero molto brava. Del film ho amato che smorzasse 
spesso momenti epici col cinismo dei personaggi, momenti splatter ed effettivamente un po’ tarantiniani, ma soprattutto si nota che ha usato il mezzo cinematografico a 360 gradi. Poi la trama è perfettamente intrecciata, forse un po’ troppo complessa e ricca di elementi,
 però questi elementi sono perfettamente intersecati.','1','7');

INSERT INTO recensione VALUES ('9','Uno dei miei film preferiti del 2022. Ogni volta che esce un film di David Leitch mi devo fiondare al cinema, è stato così per i suoi due film precedenti e lo è stato specialmente per questo. Un film divertentissimo, con un sacco di personaggi fantastici in particolare quello di Brad Pitt che ho adorato. 
La regia di David Leitch come al solito è maestosa e le scene d''azione sono riprese in modo favoloso. Mi è davvero piaciuto','2','7');

INSERT INTO recensione VALUES ('10','Sequel del più grande film sui pirati di tutti i tempi, dead man''s chest non tradisce le aspettative. Sebbene non possa vantare l''originalità del primo episodio, riesce a catturare l''attenzione dello spettatore grazie ad una atmosfera più epica rispetto al predecessore: numerosissimi sono, infatti, i riferimenti alla mitologia dei bucanieri(Davy Jones, l''Olandese Volante, il Kraken). Il carisma di Depp e Nighy (che sostituisce,alla grande, nel ruolo di cattivo il bravissimo Rush del primo episodio)e gli stupendi scenari caraibici consacrano il secondo film di una trilogia destinata a diventare un punto di 
riferimento del genere fantasy-adventure. Ottima la colonna sonora (firmata dal gran maestro Hans Zimmer), semplicemente strepitoso il finale.','4','8');

INSERT INTO recensione VALUES ('11','Trovo che il film sia un capolavoro, non è semplice descrivere in poche righe le sensazioni che questo film trasmette;un film che ti coinvolge che fa sembrare di essere dentro lo schermo, è incredibile quanto sembra vero, ti fa scorrere l''adrenalina dentro e da un incredibile forza d''animo.(la colonna sonara è sicuramente d''aiuto).E'' straordinaria la bravura degli attori ','5','8');

INSERT INTO recensione VALUES ('12','un bel film.interessante la caratterizzazione degli attori,dai principali,con Depp sopra tutti,ma anche Rush,Kneitly e Bloom,ingiustamente accusato di recitazione monocorde,in realtà con una interpretazione molto inglese,che fa da contralto,volutamente,secondo me,all''istrionica presenza di Depp.Ancora ottimi tutti i comprimari,dove a volte invece cadono altre produzioni.La storia è ben gestita,apparentemente ingarbugliata,in realtà molto + approfondita rispetto al secondo,dove secondo me vi erano molte digressioni,magari divertenti,ma spesso fini a sé stesse.Mi è piaciuta molto la colonna sonora,e grandemente,l''incredibile quantità 
di effetti speciali,a volte creati al computer,altre no,ma sempre di ottimo livello.assolutamente esilarante in diversi momenti,ho apprezzato grandemente l''evidente affiatamento del cast,e il divertimento che filtra dall''aver interpretato un film con gusto.una speciale menzione 
alla follia di Jack Sparrow nello scrigno,è dal primo film che l''astuzia corre a fianco della follia!un ottimo film','6','9');

INSERT INTO recensione VALUES('13','Divertente, conivolgente, spettacolare. Musiche bellissime, effetti speciali efficaci battaglie mozzafiato e un bravissimo Johnny Depp che insieme ad Orlando Bloom e a Keira Knightley reiscono a concludere la trilogia nel modo più spettacolare e drammatico possibile.','2','9');

INSERT INTO recensione VALUES ('14','Un altro spettacolare capitolo della saga. Effetti speciali di prim''ordine, storia meno confusa e dialoghi più lineari fanno di questo film il più riuscito tra tutti.','3','9');

INSERT INTO recensione VALUES ('15','Nonostante abbia poco di nuovo da dire e alcune scene musical fossero veramente ridondanti, trovo che abbia comunque un suo perché, soprattutto nel modo in cui pone le basi per un universo di batman (che non vedremo mai) in modo sensato. Lo vedo un po'' come un epilogo del primo più che un film a sé. Inoltre tornare nell''atmosfera della Gotham di phillips con quella fotografia e struttura é stato comunque bello. Secondo me la chiave di lettura del film sta nel cortometraggio animato iniziale.','3','10');

INSERT INTO recensione VALUES ('16','Sono uscito da poco dalla sala, andrò controcorrente ma io l''ho adorato! Certo, molti intermezzi musicali potevano (e dovevano, secondo me) essere ridimensionati o meglio contestualizzati, ma ciò che il film vuole trasmettere è chiaro e lampante, veicolato da un lato tecnico mostruoso e con un Phoenix nuovamente in stato di grazia. Non sarei riuscito ad aspettarmi nulla di meno','2','10');

INSERT INTO recensione VALUES ('17','è un film sorprendente che riesce a mescolare umorismo e messaggi profondi. La trama, che esplora il mondo di Barbie e le sue avventure, offre una visione fresca e originale sulla crescita e l''identità. Margot Robbie brilla nel suo ruolo, portando un carisma irresistibile, mentre Ryan Gosling fornisce momenti comici memorabili. La colonna sonora è accattivante e le scenografie colorate catturano l''immaginazione. È un film che intrattiene, fa riflettere e, soprattutto, celebra l''unicità e la forza femminile. Consigliato a tutti, indipendentemente dall''età!','3','11');

INSERT INTO recensione VALUES ('18','Barbie si presenta come un film visivamente affascinante, ma la trama non riesce a sostenere l''impatto visivo. Sebbene Margot Robbie e Ryan Gosling offrano interpretazioni simpatiche, i personaggi mancano di profondità e sviluppo. La pellicola cerca di affrontare temi importanti, ma a volte sembra superficiale e poco incisiva. Alcuni momenti comici cadono nel prevedibile e il ritmo narrativo potrebbe essere più incisivo. In definitiva, Barbie è un film gradevole, ma non riesce a lasciare un segno duraturo.','4','11');

INSERT INTO recensione VALUES ('19','Leonardo DiCaprio ha dato vita a Jordan Belfort in un modo che è sia affascinante che inquietante. La sua interpretazione trasmette una straordinaria energia, mentre Scorsese ci regala una regia frenetica che cattura perfettamente l''eccesso e la frenesia del mondo della finanza. Ogni scena è una giostra di umorismo e dramma, con dialoghi frizzanti che ti fanno ridere e riflettere. I temi dell''avidità e della corruzione sono trattati con una crudezza che ti lascia pensare. È un film che ti coinvolge totalmente, facendoti sentire parte di quel mondo sfrenato. Se cercate una pellicola che intrattenga e faccia riflettere, questa è assolutamente da vedere!','3','12');

INSERT INTO recensione VALUES ('20','Pur riconoscendo l’abilità di DiCaprio e la regia di Scorsese, il film sembra più un''ode all''eccesso piuttosto che una critica reale alla corruzione del mondo finanziario. Le scene di festa sono tante, ma a volte risultano eccessive e ridondanti, rendendo difficile connettersi con i personaggi. Inoltre, la mancanza di una vera morale finale lascia un senso di vuoto, come se il film non volesse affrontare le conseguenze delle azioni di Belfort. In definitiva, The Wolf of Wall Street si presenta come un’opera visivamente accattivante, ma che manca di profondità e significato.','1','12');

INSERT INTO recensione VALUES ('21',' Tonya è un film avvincente e sorprendente che racconta la vita di Tonya Harding, interpretata magistralmente da Margot Robbie. La sua performance è tanto intensa quanto affascinante, rendendo il personaggio complesso e reale. La pellicola combina elementi di dramma e commedia, mantenendo un ritmo avvincente che tiene gli spettatori incollati allo schermo. La regia di Craig Gillespie è brillante, utilizzando uno stile visivo unico per raccontare questa storia controversa. Le interviste dirette ai personaggi aggiungono un tocco originale e coinvolgente. In definitiva, I, Tonya è un mix di emozione e intrattenimento che non si può perdere.','2','13');

INSERT INTO recensione VALUES ('22','Margot Robbie offre una performance eccezionale, rendendo il personaggio complesso e memorabile. La combinazione di dramma e umorismo rende questa pellicola un''esperienza coinvolgente e indimenticabile.','5','13');

INSERT INTO recensione VALUES ('23','Appena visto Amsterdam e devo dire che mi ha davvero sorpreso! Il cast è fenomenale: Christian Bale, Margot Robbie e John David Washington sono incredibili insieme. La storia è originale, piena di mistero e con dei colpi di scena che mi hanno tenuto incollato fino alla fine. L’ambientazione degli anni ’30 è resa benissimo, con una cura ai dettagli davvero notevole. È un film diverso dal solito, che mescola bene commedia, dramma e suspense. Forse non è per tutti, ma personalmente l’ho trovato affascinante e coinvolgente!','6','14');

INSERT INTO recensione VALUES ('24','Ho appena finito di guardare Amsterdam e devo dire che è stata una piacevole sorpresa! La combinazione di storia, commedia e un po di mistero funziona alla grande. Il trio di attori, Bale, Robbie e Washington, ha una chimica fantastica e rendono i loro personaggi davvero memorabili. La colonna sonora e la scenografia sono impeccabili, trasportandomi in un''altra epoca. Inoltre, i temi di amicizia e giustizia sono trattati in modo intelligente. Se cercate un film che sia divertente e stimolante, questo è quello giusto!','5','14');

INSERT INTO recensione VALUES ('25','colpito! La trama è ingegnosa e mescola sapientemente elementi di commedia e thriller, mantenendo alta la suspense fino alla fine. I protagonisti, interpretati da Christian Bale, Margot Robbie e John David Washington, portano in vita i loro ruoli con grande intensità e umorismo. Ogni scena è ben costruita e visivamente affascinante, rendendo l''esperienza del film ancora più coinvolgente. Inoltre, il messaggio sulla ricerca della verità è davvero attuale e significativo. Assolutamente da vedere!','4','14');

INSERT INTO recensione VALUES ('26',' La storia si muove lentamente, ma in modo affascinante, seguendo i destini intrecciati di un attore e della sua controfigura. Leonardo DiCaprio e Brad Pitt offrono performance straordinarie, rendendo i loro personaggi incredibilmente umani. La ricostruzione degli anni 60 è semplicemente incredibile, e la colonna sonora è perfetta. Anche se non c''è molta azione, i dialoghi sono ben scritti e ci sono momenti di pura nostalgia. Non è il film di Tarantino più tradizionale, ma è sicuramente un''esperienza che vale la pena vivere. Un must per gli amanti del cinema','3','15');

INSERT INTO recensione VALUES ('27','è un film che mi ha lasciato con sentimenti contrastanti. Da un lato, adoro la visione nostalgica di Tarantino sul cinema degli anni 60 e le interpretazioni brillanti di Leonardo DiCaprio e Brad Pitt. La loro chimica è fantastica e rende ogni scena coinvolgente. Tuttavia, ho trovato alcuni momenti un po lenti e la trama non sempre scorre fluidamente. Anche se il finale ha un impatto potente, mi è sembrato che il film si dilungasse troppo in alcune parti. In definitiva, è un omaggio interessante al cinema, ma non è il mio preferito di Tarantino.','2','15');

INSERT INTO recensione VALUES ('28','Un vero capolavoro! La direzione di Tim Burton è unica e originale, e Michael Keaton è semplicemente fantastico nel suo ruolo di Beetlejuice. La combinazione di umorismo dark e surrealismo rende questo film indimenticabile. Le scene di interazione tra i fantasmi e il mondo dei vivi sono esilaranti e travolgenti. La colonna sonora di Danny Elfman aggiunge un ulteriore tocco magico. Consiglio vivamente questo film a chiunque cerchi qualcosa di diverso e divertente!','3','16');

INSERT INTO recensione VALUES ('29','Ho finalmente visto Beetlejuice e non posso credere di aver aspettato così a lungo! È un mix perfetto di commedia e horror, con una trama che ti tiene incollato allo schermo. La performance di Geena Davis e Alec Baldwin è eccezionale, ma Keaton ruba davvero la scena. Ogni volta che appare, non riesco a smettere di ridere! Un classico che non delude','4','16');

INSERT INTO recensione VALUES ('30','è sicuramente un film unico, ma non è esente da difetti. Alcune parti possono risultare un po confuse e la trama è un po discontinua. Anche se apprezzo lo stile visivo di Burton, a volte sembra che il film si perda nei suoi eccessi. Keaton è divertente, ma a tratti il suo personaggio è troppo sopra le righe. In generale, è un film interessante, ma non per tutti.','5','16');

INSERT INTO recensione VALUES ('31','Beetlejuice è un film che riesce a rimanere fresco e divertente anche dopo tutti questi anni. La genialità di Tim Burton si vede in ogni singolo fotogramma, con scenografie e costumi che sembrano usciti da un sogno. Michael Keaton dà vita a un personaggio iconico e stravagante, che riesce a strapparti più di una risata. La trama, pur essendo un po bizzarra, è avvincente e ricca di momenti memorabili. Adoro anche la chimica tra i due protagonisti, interpretati da Geena Davis e Alec Baldwin, che rendono tutto ancora più coinvolgente. Se non l''hai ancora visto, mettilo nella tua lista','6','16');

INSERT INTO recensione VALUES ('32','La trama è davvero coinvolgente, con quella madre che farebbe di tutto per salvare il suo bambino. Ci sono momenti di pura adrenalina e alcune scene d’azione ti lasciano davvero senza fiato. Gli attori sono fantastici e riescono a farti sentire le emozioni in modo autentico. Se vi piacciono i film che fanno battere il cuore, questo è da vedere','5','17');

INSERT INTO recensione VALUES ('33','La madre protagonista è davvero tosta, e riesce a trasmettere il suo dolore e la sua determinazione. Tuttavia, devo dire che alcune parti sono un po prevedibili. Nel complesso, però, mi ha tenuto incollato allo schermo','2','17');

INSERT INTO recensione VALUES ('34','La trama sembrava promettente, ma in realtà è finita per essere un po’ cliché. Le motivazioni dei personaggi non sono sempre chiare e ci sono momenti in cui la storia si trascina. Certo, ci sono delle buone scene d’azione, ma alla fine non riesce a lasciare un segno','1','17');

INSERT INTO recensione VALUES ('35',' è stata un’esperienza cinematografica incredibile! Il modo in cui le emozioni di Riley prendono vita è geniale. Ho trovato adorabile il personaggio di Gioia, ma anche Tristezza ha avuto un ruolo cruciale che mi ha fatto riflettere. Le animazioni sono spettacolari e la colonna sonora è perfetta. Ogni scena riesce a toccare le corde giuste, rendendolo un film che fa ridere e piangere allo stesso tempo. Consiglio a tutti di vederlo, è un vero capolavoro della Pixar!','3','18');

INSERT INTO recensione VALUES ('36','Inside Out è un viaggio emozionante che non delude le aspettative! Rispetto al primo film, che ci ha introdotto alle emozioni in modo fantastico, questo sequel approfondisce ulteriormente il mondo interiore di Riley. I nuovi personaggi sono affascinanti e aggiungono una dimensione in più alla storia.La crescita di Riley è palpabile e le emozioni, come la gioia e la tristezza, sono rappresentate con una sensibilità unica. Ho apprezzato come il film affronti temi di crescita e cambiamento, proprio come il primo, ma con una freschezza che lo rende attuale','2','18');

INSERT INTO recensione VALUES ('37','Dopo aver visto Inside Out 2, non posso fare a meno di confrontarlo con il primo film. La bellezza di questo sequel è che riesce a catturare la stessa magia dell''originale, ma con una prospettiva nuova e intrigante.','1','18');

INSERT INTO recensione VALUES ('38','Inside Out mi ha sorpreso per la sua profondità emotiva. È impressionante come un film d''animazione possa affrontare temi complessi come la crescita e la perdita. Ho apprezzato particolarmente come il film mostri che le emozioni, anche quelle più difficili, hanno un ruolo importante nella nostra vita. Le dinamiche tra Joy e Sadness sono scritte in modo brillante, e ho riso e pianto in egual misura. È sicuramente uno dei migliori film Pixar di sempre!','1','19');

INSERT INTO recensione VALUES ('39','Ho visto Inside Out con la mia famiglia e tutti ne sono rimasti colpiti. È un film che riesce a mescolare umorismo e profondità in un modo che pochi film d''animazione riescono a fare. I colori e le animazioni sono magnifici, e le idee alla base della trama sono così fresche. La scena finale, in particolare, mi ha fatto riflettere su come affrontiamo i cambiamenti nella vita. È un film da vedere e rivedere!','2','19');



INSERT INTO recensione VALUES('41','Mi sento ancora scosso da Speak No Evil. La trama parte da una premessa inquietante: una famiglia danese trascorre una vacanza con una coppia olandese, e i legami si intrecciano in modi sempre più disturbanti. La regia riesce a creare un''atmosfera opprimente, e l''interpretazione degli attori è semplicemente straordinaria. Ogni sguardo e ogni silenzio parlano più di mille parole, trasmettendo tensione e inquietudine.
Quello che mi ha colpito di più è come il film esplori la sottile linea tra cortesia e complicità. La narrativa si sviluppa lentamente, ma il climax finale è travolgente e scioccante, lasciando un segno indelebile. La pellicola solleva interrogativi profondi su fiducia e moralità, rendendola una visione assolutamente imperdibile per gli amanti del thriller psicologico. Se vi piacciono i film che fanno riflettere e vi lasciano con un senso di disagio, Speak No Evil è un must!','3','20');

INSERT INTO recensione VALUES('42','La storia inizia con una famiglia che ne incontra un’altra durante una vacanza, ma man mano che si sviluppa, la tensione cresce in modo esponenziale. I personaggi sono ben scritti e le interazioni tra di loro sono incredibilmente reali, ma questo è ciò che rende tutto così scomodo.
Non voglio fare spoiler, ma ci sono momenti che ti fanno veramente riflettere su quanto le persone possano essere cieche riguardo ai segnali di pericolo. La regia è ottima e l''atmosfera è carica di tensione. Il finale è scioccante e ti lascia con un nodo allo stomaco. Se vi piacciono i thriller psicologici che vi lasciano inquieti, questo film fa per voi. Consigliato, ma preparatevi a un viaggio oscuro!','4','20');

INSERT INTO recensione VALUES('43','Nonostante un inizio promettente, la trama si perde in scelte narrative poco credibili e personaggi che sembrano agire in modo irrazionale. La tensione che ci si aspetta da un thriller psicologico è quasi assente, e il finale risulta forzato e insoddisfacente.','5','20');

INSERT INTO recensione VALUES ('44','Dune è un capolavoro visivo! La cinematografia è straordinaria, e ogni inquadratura sembra un''opera d''arte. Timothée Chalamet offre una performance intensa nei panni di Paul Atreides, rendendo il suo viaggio incredibilmente coinvolgente. La colonna sonora di Hans Zimmer aggiunge una profondità emozionale che rende l''esperienza ancora più immersiva. La storia, sebbene complessa, riesce a mantenere l''attenzione e il mondo di Arrakis è magnificamente costruito. Non vedo l''ora di vedere il seguito!','3','21');

INSERT INTO recensione VALUES ('45','Dune ha tutte le carte in regola per essere un grande film, ma ci sono dei problemi. Sebbene le immagini siano mozzafiato, la storia sembra mancare di profondità. Alcuni personaggi, come Jason Momoa nel ruolo di Duncan Idaho, non hanno avuto abbastanza spazio per brillare. Inoltre, la mancanza di un vero finale in questa prima parte può risultare frustrante. È un buon film, ma non è il capolavoro che alcuni dicono.','4','21');

INSERT INTO recensione VALUES ('46','Ho appena visto Dune e sono rimasto sbalordito! La regia di Denis Villeneuve è impeccabile, e il modo in cui ha adattato il libro di Frank Herbert è fenomenale. I personaggi sono ben sviluppati, e l''interpretazione di Zendaya come Chani è davvero memorabile. È un film che richiede attenzione, ma ogni momento ne vale la pena. Un must per gli amanti della fantascienza!','5','21');

INSERT INTO recensione VALUES ('47','L''atmosfera è incredibilmente tesa e claustrofobica, e ogni scena è carica di suspense. Il design dell''alieno è davvero spaventoso, e nonostante il film sia uscito nel 1979, gli effetti visivi reggono ancora bene. Sigourney Weaver è fantastica nel ruolo di Ripley, un personaggio forte e iconico. Il film ha un ritmo perfetto e sa come mantenere alta la tensione fino alla fine. Un classico imperdibile per chi ama il genere!','4','23');

INSERT INTO recensione VALUES ('48','Alien è un capolavoro della fantascienza e dell''horror. La regia di Ridley Scott è magistrale nel creare un senso di isolamento e terrore nello spazio profondo. La creatura, progettata da H.R. Giger, è terrificante e la tensione che cresce lentamente durante il film è palpabile. Il cast è eccellente, e Sigourney Weaver brilla nel ruolo di Ripley. Anche dopo tanti anni, il film resta potente e coinvolgente, un mix perfetto di suspense, paura e fantascienza. Se non l''hai visto, lo consiglio vivamente!','3','23');

INSERT INTO recensione VALUES ('49','L''azione frenetica e le scenografie post-apocalittiche sono spettacolari. Anya Taylor-Joy è incredibile nel ruolo di Furiosa, portando una profondità emotiva al personaggio che non mi aspettavo. I combattimenti sono ben coreografati, e la trama, pur semplice, è ricca di momenti adrenalinici che mi hanno tenuto incollato alla sedia. Se sei un fan dell''universo di Mad Max, questo film non ti deluderà','2','24');

INSERT INTO recensione VALUES ('50','Challengers è un film che sorprende per la sua capacità di fondere sport e relazioni umane in modo efficace. Zendaya è magnetica nel ruolo della giovane tennista trasformata in allenatrice, e il triangolo amoroso che si sviluppa tra i personaggi è intrigante e ben costruito. La regia riesce a catturare l''intensità delle partite di tennis, ma anche le emozioni più profonde dei protagonisti. Anche se alcuni momenti sembrano prevedibili, la narrazione riesce a mantenere il pubblico coinvolto grazie a colpi di scena ben dosati e una forte carica emotiva','1','25');

INSERT INTO recensione VALUES ('51','ilm interessante che unisce lo sport con dinamiche personali complesse. Zendaya offre una performance solida, dando vita a un personaggio forte e vulnerabile allo stesso tempo. La trama, che ruota intorno a un triangolo amoroso nel mondo del tennis professionale, riesce a mantenere una tensione costante, anche se in certi momenti perde un po di ritmo','2','25');

INSERT INTO recensione VALUES ('52','La trama è complessa ma affascinante, con una narrazione che ti tiene incollato allo schermo. Ogni livello del sogno è ricco di dettagli e significato. Le performance di Leonardo DiCaprio e del resto del cast sono straordinarie, e la colonna sonora di Hans Zimmer aggiunge una tensione incredibile. Ho dovuto guardarlo più volte per cogliere ogni sfumatura. Davvero un film che ti fa riflettere e lascia il segno!','2','47');

INSERT INTO recensione VALUES ('53','Ho finalmente visto Inception e devo dire che ha superato le mie aspettative! La combinazione di effetti speciali mozzafiato e una trama intrigante è semplicemente perfetta. La regia di Christopher Nolan è impeccabile, e ogni scena è curata nei minimi dettagli. Ho apprezzato anche la filosofia dietro i sogni e la realtà. Un film che non puoi perdere, soprattutto se ami il genere sci-fi!','1','47');

INSERT INTO recensione VALUES ('54','è un film che divide. Da un lato, ha un''idea geniale e visivamente spettacolare. Dall''altro, la sua complessità può risultare frustrante. A volte mi sono sentito perso tra i vari livelli dei sogni e ho faticato a seguire la trama. Tuttavia, la recitazione e la cinematografia sono di altissimo livello. Credo che meriti una seconda visione per apprezzarlo appieno, ma per me è stata un''esperienza mista','4','47');

INSERT INTO recensione VALUES ('55','Le sequenze d''azione sono incredibili e la sceneggiatura è così originale. La fine mi ha lasciato con mille domande, e questo è ciò che rende un film memorabile. Consiglio vivamente di vederlo!','5','47');

INSERT INTO recensione VALUES ('56','Christopher Nolan ha fatto un lavoro straordinario nel raccontare la storia dell''evacuazione di Dunkerque. La trama si sviluppa su tre linee temporali che si intrecciano in modo fantastico, rendendo tutto più coinvolgente.
Le immagini sono mozzafiato, e la cinematografia ti fa sentire come se fossi lì sulla spiaggia con i soldati. La tensione è palpabile, soprattutto grazie alla colonna sonora di Hans Zimmer, che non lascia un attimo di respiro.
I personaggi, anche se non hanno sempre molto dialogo, riescono a trasmettere emozioni forti. Mi è piaciuto molto come Nolan riesca a farti provare l''angoscia e la paura del conflitto senza mostrarti troppo sangue o violenza. In definitiva, Dunkirk è un film che ti lascia riflettere e ti fa apprezzare il coraggio e il sacrificio di quelle persone. Consigliatissimo!','4','50');

INSERT INTO recensione VALUES ('57','La musica di Hans Zimmer? Assolutamente fantastica! Fa aumentare la suspense e rende ogni scena ancora più emozionante. In poche parole, Dunkirk è un film che ti lascia senza parole e ti fa pensare alla forza dell’animo umano. Non vedo l''ora di rivederlo!','1','50');


// relazione attore film
INSERT INTO film_attore VALUES('1','3','1'); 
INSERT INTO film_attore VALUES('2','11','1'); 
INSERT INTO film_attore VALUES('3','12','1'); 
INSERT INTO film_attore VALUES('4','13','1'); 
INSERT INTO film_attore VALUES('5','14','1'); 
INSERT INTO film_attore VALUES('6','15','1'); 
INSERT INTO film_attore VALUES('7','1','2');
INSERT INTO film_attore VALUES('8','2','2');
INSERT INTO film_attore VALUES('9','4','3');
INSERT INTO film_attore VALUES('10','8','3');
INSERT INTO film_attore VALUES('11','9','3');
INSERT INTO film_attore VALUES('12','1','4');
INSERT INTO film_attore VALUES('13','5','4');
INSERT INTO film_attore VALUES('14','28','2'); 

INSERT INTO  film_attore VALUES('15','61','25');
INSERT INTO film_attore VALUES ('16','63','26');
INSERT INTO film_attore VALUES ('17','68','27');
INSERT INTO film_attore VALUES ('18','68','28');
INSERT INTO film_attore VALUES ('19', '68','29');

INSERT INTO film_attore VALUES ('20','54','30');

!--INSERT INTO film_attore VALUES('20','12','6'); 
INSERT INTO film_attore VALUES('21','15','6');
INSERT INTO film_attore VALUES('22','30','6');
INSERT INTO film_attore VALUES('23','47','6');
INSERT INTO film_attore VALUES('24','58','6');
INSERT INTO film_attore VALUES('25','14','7');
INSERT INTO film_attore VALUES('26','30','7');
INSERT INTO film_attore VALUES('27','14','8');
INSERT INTO film_attore VALUES('28','16','9');
INSERT INTO film_attore VALUES('29','16','10');
INSERT INTO film_attore VALUES('30','16','11');
INSERT INTO film_attore VALUES('31','17','12');
INSERT INTO film_attore VALUES('32','20','13');
INSERT INTO film_attore VALUES('33','20','14');
INSERT INTO film_attore VALUES('34','20','15');
INSERT INTO film_attore VALUES('35','21','16');
INSERT INTO film_attore VALUES('36','22','16');
INSERT INTO film_attore VALUES('37','21','17');
INSERT INTO film_attore VALUES('38','22','17');
INSERT INTO film_attore VALUES('39','25','17');
INSERT INTO film_attore VALUES('40','28','18');
INSERT INTO film_attore VALUES('41','47','18');
INSERT INTO film_attore VALUES('42','48','18');
INSERT INTO film_attore VALUES('43','50','18');
INSERT INTO film_attore VALUES('44','28','19');
INSERT INTO film_attore VALUES('45','48','19');
INSERT INTO film_attore VALUES('46','49','19');
INSERT INTO film_attore VALUES('47','7','20');
INSERT INTO film_attore VALUES('48','15','20');
INSERT INTO film_attore VALUES('49','47','21');
INSERT INTO film_attore VALUES('50','57','21');
INSERT INTO film_attore VALUES('51','24','22');
INSERT INTO film_attore VALUES('52','47','22');
INSERT INTO film_attore VALUES('53','50','22');
INSERT INTO film_attore VALUES('54','4','23');
INSERT INTO film_attore VALUES('55','8','23');
INSERT INTO film_attore VALUES('56','9','23');
INSERT INTO film_attore VALUES('57','45','23');
INSERT INTO film_attore VALUES('58','36','24');
INSERT INTO film_attore VALUES('59','37','24');
INSERT INTO film_attore VALUES('60','38','24');
INSERT INTO film_attore VALUES('61','42','24');
INSERT INTO film_attore VALUES('62','43','24');
INSERT INTO film_attore VALUES('63','44','24');
INSERT INTO film_attore VALUES('64','45','24');
INSERT INTO film_attore VALUES('65','46','24');
INSERT INTO film_attore VALUES('66','32','8');
INSERT INTO film_attore VALUES('67','33','8');
INSERT INTO film_attore VALUES('68','69','25');
INSERT INTO film_attore VALUES('69','69','26');
INSERT INTO film_attore VALUES('70','69','27');
INSERT INTO film_attore VALUES('71','69','28');
INSERT INTO film_attore VALUES('72','69','29');
INSERT INTO film_attore VALUES('73','69','30');
INSERT INTO film_attore VALUES('74','69','31');
INSERT INTO film_attore VALUES('75','69','32');
INSERT INTO film_attore VALUES('76','69','33');
INSERT INTO film_attore VALUES('77','69','34');
INSERT INTO film_attore VALUES('78','69','35');

INSERT INTO film_attore VALUES('79','70','25');
INSERT INTO film_attore VALUES('80','70','26');
INSERT INTO film_attore VALUES('81','70','27');
INSERT INTO film_attore VALUES('82','70','28');
INSERT INTO film_attore VALUES('83','70','29');
INSERT INTO film_attore VALUES('84','70','30');
INSERT INTO film_attore VALUES('85','70','31');
INSERT INTO film_attore VALUES('86','70','32');
INSERT INTO film_attore VALUES('87','70','33');
INSERT INTO film_attore VALUES('88','70','34');
INSERT INTO film_attore VALUES('89','70','35');

INSERT INTO film_attore VALUES('90','71','25');
INSERT INTO film_attore VALUES('91','71','26');
INSERT INTO film_attore VALUES('92','71','27');
INSERT INTO film_attore VALUES('93','71','28');
INSERT INTO film_attore VALUES('94','71','29');
INSERT INTO film_attore VALUES('95','71','30');
INSERT INTO film_attore VALUES('96','71','31');
INSERT INTO film_attore VALUES('97','71','32');
INSERT INTO film_attore VALUES('98','71','33');
INSERT INTO film_attore VALUES('99','71','34');
INSERT INTO film_attore VALUES('100','71','35');

INSERT INTO film_attore VALUES('101','72','25');
INSERT INTO film_attore VALUES('102','72','26');
INSERT INTO film_attore VALUES('103','72','27');
INSERT INTO film_attore VALUES('104','72','28');
INSERT INTO film_attore VALUES('105','72','29');
INSERT INTO film_attore VALUES('106','72','30');
INSERT INTO film_attore VALUES('107','72','31');
INSERT INTO film_attore VALUES('108','72','32');
INSERT INTO film_attore VALUES('109','72','33');
INSERT INTO film_attore VALUES('110','72','34');
INSERT INTO film_attore VALUES('111','72','35');

INSERT INTO film_attore VALUES('112','73','25');
INSERT INTO film_attore VALUES('113','73','26');
INSERT INTO film_attore VALUES('114','73','27');
INSERT INTO film_attore VALUES('115','73','28');
INSERT INTO film_attore VALUES('116','73','29');
INSERT INTO film_attore VALUES('117','73','30');
INSERT INTO film_attore VALUES('118','73','31');
INSERT INTO film_attore VALUES('119','73','32');
INSERT INTO film_attore VALUES('120','73','33');
INSERT INTO film_attore VALUES('121','73','34');
INSERT INTO film_attore VALUES('122','73','35');

INSERT INTO film_attore VALUES('123','74','25');
INSERT INTO film_attore VALUES('124','74','26');
INSERT INTO film_attore VALUES('125','74','27');
INSERT INTO film_attore VALUES('126','74','28');
INSERT INTO film_attore VALUES('127','74','29');
INSERT INTO film_attore VALUES('128','74','30');
INSERT INTO film_attore VALUES('129','74','31');
INSERT INTO film_attore VALUES('130','74','32');
INSERT INTO film_attore VALUES('131','74','33');
INSERT INTO film_attore VALUES('132','74','34');
INSERT INTO film_attore VALUES('133','74','35');

INSERT INTO film_attore VALUES('134','75','25');
INSERT INTO film_attore VALUES('135','75','26');
INSERT INTO film_attore VALUES('136','75','27');
INSERT INTO film_attore VALUES('137','75','28');
INSERT INTO film_attore VALUES('138','75','29');
INSERT INTO film_attore VALUES('139','75','30');
INSERT INTO film_attore VALUES('140','75','31');
INSERT INTO film_attore VALUES('141','75','32');
INSERT INTO film_attore VALUES('142','75','33');
INSERT INTO film_attore VALUES('143','75','34');
INSERT INTO film_attore VALUES('144','75','35');

INSERT INTO film_attore VALUES('145','76','25');
INSERT INTO film_attore VALUES('146','76','26');
INSERT INTO film_attore VALUES('147','76','27');
INSERT INTO film_attore VALUES('148','76','28');
INSERT INTO film_attore VALUES('149','76','29');
INSERT INTO film_attore VALUES('150','76','30');
INSERT INTO film_attore VALUES('151','76','31');
INSERT INTO film_attore VALUES('152','76','32');
INSERT INTO film_attore VALUES('153','76','33');
INSERT INTO film_attore VALUES('154','76','34');
INSERT INTO film_attore VALUES('155','76','35');


